Customer_ID,cluster,proba_churn,pred_churn,cluster_label,proba_churn_pct,pred_churn_label
CUS000001,0,0.80195844,1,Khách hàng dịch vụ cao / nhạy cảm trải nghiệm,80.2%,Có nguy cơ
CUS000002,0,0.9980562,1,Khách hàng dịch vụ cao / nhạy cảm trải nghiệm,99.8%,Có nguy cơ
CUS000003,0,0.005920283,0,Khách hàng dịch vụ cao / nhạy cảm trải nghiệm,0.6%,Không rời bỏ
CUS000004,0,0.997538,1,Khách hàng dịch vụ cao / nhạy cảm trải nghiệm,99.8%,Có nguy cơ
CUS000005,0,0.909198,1,Khách hàng dịch vụ cao / nhạy cảm trải nghiệm,90.9%,Có nguy cơ
CUS000006,0,0.8502777,1,Khách hàng dịch vụ cao / nhạy cảm trải nghiệm,85.0%,Có nguy cơ
CUS000007,1,0.112928264,0,Khách hàng nhạy ưu đãi / ổn định,11.3%,Không rời bỏ
CUS000008,0,0.98120797,1,Khách hàng dịch vụ cao / nhạy cảm trải nghiệm,98.1%,Có nguy cơ
CUS000009,0,0.8919604,1,Khách hàng dịch vụ cao / nhạy cảm trải nghiệm,89.2%,Có nguy cơ
CUS000010,0,0.95164436,1,Khách hàng dịch vụ cao / nhạy cảm trải nghiệm,95.2%,Có nguy cơ
CUS000011,0,0.94913274,1,Khách hàng dịch vụ cao / nhạy cảm trải nghiệm,94.9%,Có nguy cơ
CUS000012,0,0.9958982,1,Khách hàng dịch vụ cao / nhạy cảm trải nghiệm,99.6%,Có nguy cơ
CUS000013,0,0.9440812,1,Khách hàng dịch vụ cao / nhạy cảm trải nghiệm,94.4%,Có nguy cơ
CUS000014,0,0.99823904,1,Khách hàng dịch vụ cao / nhạy cảm trải nghiệm,99.8%,Có nguy cơ
CUS000015,0,0.9379393,1,Khách hàng dịch vụ cao / nhạy cảm trải nghiệm,93.8%,Có nguy cơ
CUS000016,2,0.2661334,0,Khách hàng giá trị cao / trung thành vừa,26.6%,Không rời bỏ
CUS000017,1,0.11257485,0,Khách hàng nhạy ưu đãi / ổn định,11.3%,Không rời bỏ
CUS000018,0,0.030117737,0,Khách hàng dịch vụ cao / nhạy cảm trải nghiệm,3.0%,Không rời bỏ
CUS000019,0,0.9928813,1,Khách hàng dịch vụ cao / nhạy cảm trải nghiệm,99.3%,Có nguy cơ
CUS000020,1,0.0019334485,0,Khách hàng nhạy ưu đãi / ổn định,0.2%,Không rời bỏ
CUS000021,1,0.6700534,1,Khách hàng nhạy ưu đãi / ổn định,67.0%,Có nguy cơ
CUS000022,0,0.9403502,1,Khách hàng dịch vụ cao / nhạy cảm trải nghiệm,94.0%,Có nguy cơ
CUS000023,0,0.9520984,1,Khách hàng dịch vụ cao / nhạy cảm trải nghiệm,95.2%,Có nguy cơ
CUS000024,0,0.26421073,0,Khách hàng dịch vụ cao / nhạy cảm trải nghiệm,26.4%,Không rời bỏ
CUS000025,0,0.994628,1,Khách hàng dịch vụ cao / nhạy cảm trải nghiệm,99.5%,Có nguy cơ
CUS000026,0,0.09453473,0,Khách hàng dịch vụ cao / nhạy cảm trải nghiệm,9.5%,Không rời bỏ
CUS000027,2,0.10712844,0,Khách hàng giá trị cao / trung thành vừa,10.7%,Không rời bỏ
CUS000028,0,0.116163,0,Khách hàng dịch vụ cao / nhạy cảm trải nghiệm,11.6%,Không rời bỏ
CUS000029,1,0.28596303,0,Khách hàng nhạy ưu đãi / ổn định,28.6%,Không rời bỏ
CUS000030,0,0.39273408,1,Khách hàng dịch vụ cao / nhạy cảm trải nghiệm,39.3%,Có nguy cơ
CUS000031,0,0.8903725,1,Khách hàng dịch vụ cao / nhạy cảm trải nghiệm,89.0%,Có nguy cơ
CUS000032,0,0.48338506,1,Khách hàng dịch vụ cao / nhạy cảm trải nghiệm,48.3%,Có nguy cơ
CUS000033,0,0.9302674,1,Khách hàng dịch vụ cao / nhạy cảm trải nghiệm,93.0%,Có nguy cơ
CUS000034,0,0.9942016,1,Khách hàng dịch vụ cao / nhạy cảm trải nghiệm,99.4%,Có nguy cơ
CUS000035,0,0.003854133,0,Khách hàng dịch vụ cao / nhạy cảm trải nghiệm,0.4%,Không rời bỏ
CUS000036,1,0.051959045,0,Khách hàng nhạy ưu đãi / ổn định,5.2%,Không rời bỏ
CUS000037,0,0.9806441,1,Khách hàng dịch vụ cao / nhạy cảm trải nghiệm,98.1%,Có nguy cơ
CUS000038,0,0.8271048,1,Khách hàng dịch vụ cao / nhạy cảm trải nghiệm,82.7%,Có nguy cơ
CUS000039,0,0.9330713,1,Khách hàng dịch vụ cao / nhạy cảm trải nghiệm,93.3%,Có nguy cơ
CUS000040,2,0.7768221,1,Khách hàng giá trị cao / trung thành vừa,77.7%,Có nguy cơ
CUS000041,2,0.9538825,1,Khách hàng giá trị cao / trung thành vừa,95.4%,Có nguy cơ
CUS000042,0,0.99234456,1,Khách hàng dịch vụ cao / nhạy cảm trải nghiệm,99.2%,Có nguy cơ
CUS000043,2,0.9580353,1,Khách hàng giá trị cao / trung thành vừa,95.8%,Có nguy cơ
CUS000044,0,0.23168063,0,Khách hàng dịch vụ cao / nhạy cảm trải nghiệm,23.2%,Không rời bỏ
CUS000045,1,0.90230054,1,Khách hàng nhạy ưu đãi / ổn định,90.2%,Có nguy cơ
CUS000046,0,0.96160054,1,Khách hàng dịch vụ cao / nhạy cảm trải nghiệm,96.2%,Có nguy cơ
CUS000047,0,0.9429476,1,Khách hàng dịch vụ cao / nhạy cảm trải nghiệm,94.3%,Có nguy cơ
CUS000048,0,0.008210447,0,Khách hàng dịch vụ cao / nhạy cảm trải nghiệm,0.8%,Không rời bỏ
CUS000049,0,0.95665616,1,Khách hàng dịch vụ cao / nhạy cảm trải nghiệm,95.7%,Có nguy cơ
CUS000050,0,0.16055796,0,Khách hàng dịch vụ cao / nhạy cảm trải nghiệm,16.1%,Không rời bỏ
CUS000051,0,0.86240256,1,Khách hàng dịch vụ cao / nhạy cảm trải nghiệm,86.2%,Có nguy cơ
CUS000052,1,0.08346815,0,Khách hàng nhạy ưu đãi / ổn định,8.3%,Không rời bỏ
CUS000053,1,0.759875,1,Khách hàng nhạy ưu đãi / ổn định,76.0%,Có nguy cơ
CUS000054,0,0.9690869,1,Khách hàng dịch vụ cao / nhạy cảm trải nghiệm,96.9%,Có nguy cơ
CUS000055,0,0.9856941,1,Khách hàng dịch vụ cao / nhạy cảm trải nghiệm,98.6%,Có nguy cơ
CUS000056,0,0.99117506,1,Khách hàng dịch vụ cao / nhạy cảm trải nghiệm,99.1%,Có nguy cơ
CUS000057,2,0.48561877,1,Khách hàng giá trị cao / trung thành vừa,48.6%,Có nguy cơ
CUS000058,1,0.87977535,1,Khách hàng nhạy ưu đãi / ổn định,88.0%,Có nguy cơ
CUS000059,0,0.88177216,1,Khách hàng dịch vụ cao / nhạy cảm trải nghiệm,88.2%,Có nguy cơ
CUS000060,0,0.66120726,1,Khách hàng dịch vụ cao / nhạy cảm trải nghiệm,66.1%,Có nguy cơ
CUS000061,1,0.00022079596,0,Khách hàng nhạy ưu đãi / ổn định,0.0%,Không rời bỏ
CUS000062,0,0.79522514,1,Khách hàng dịch vụ cao / nhạy cảm trải nghiệm,79.5%,Có nguy cơ
CUS000063,0,0.9627119,1,Khách hàng dịch vụ cao / nhạy cảm trải nghiệm,96.3%,Có nguy cơ
CUS000064,0,0.8889379,1,Khách hàng dịch vụ cao / nhạy cảm trải nghiệm,88.9%,Có nguy cơ
CUS000065,1,0.007227558,0,Khách hàng nhạy ưu đãi / ổn định,0.7%,Không rời bỏ
CUS000066,0,0.013121413,0,Khách hàng dịch vụ cao / nhạy cảm trải nghiệm,1.3%,Không rời bỏ
CUS000067,0,0.998494,1,Khách hàng dịch vụ cao / nhạy cảm trải nghiệm,99.8%,Có nguy cơ
CUS000068,0,0.060534026,0,Khách hàng dịch vụ cao / nhạy cảm trải nghiệm,6.1%,Không rời bỏ
CUS000069,2,0.9813033,1,Khách hàng giá trị cao / trung thành vừa,98.1%,Có nguy cơ
CUS000070,2,0.23577096,0,Khách hàng giá trị cao / trung thành vừa,23.6%,Không rời bỏ
CUS000071,0,0.9760828,1,Khách hàng dịch vụ cao / nhạy cảm trải nghiệm,97.6%,Có nguy cơ
CUS000072,1,0.007875108,0,Khách hàng nhạy ưu đãi / ổn định,0.8%,Không rời bỏ
CUS000073,0,0.9261908,1,Khách hàng dịch vụ cao / nhạy cảm trải nghiệm,92.6%,Có nguy cơ
CUS000074,0,0.99555486,1,Khách hàng dịch vụ cao / nhạy cảm trải nghiệm,99.6%,Có nguy cơ
CUS000075,1,0.42801833,1,Khách hàng nhạy ưu đãi / ổn định,42.8%,Có nguy cơ
CUS000076,0,0.98335946,1,Khách hàng dịch vụ cao / nhạy cảm trải nghiệm,98.3%,Có nguy cơ
CUS000077,0,0.9111076,1,Khách hàng dịch vụ cao / nhạy cảm trải nghiệm,91.1%,Có nguy cơ
CUS000078,2,0.03469778,0,Khách hàng giá trị cao / trung thành vừa,3.5%,Không rời bỏ
CUS000079,1,0.001717271,0,Khách hàng nhạy ưu đãi / ổn định,0.2%,Không rời bỏ
CUS000080,0,0.8920372,1,Khách hàng dịch vụ cao / nhạy cảm trải nghiệm,89.2%,Có nguy cơ
CUS000081,0,0.44537255,1,Khách hàng dịch vụ cao / nhạy cảm trải nghiệm,44.5%,Có nguy cơ
CUS000082,1,0.23379725,0,Khách hàng nhạy ưu đãi / ổn định,23.4%,Không rời bỏ
CUS000083,2,0.958943,1,Khách hàng giá trị cao / trung thành vừa,95.9%,Có nguy cơ
CUS000084,1,0.088795364,0,Khách hàng nhạy ưu đãi / ổn định,8.9%,Không rời bỏ
CUS000085,0,0.9490754,1,Khách hàng dịch vụ cao / nhạy cảm trải nghiệm,94.9%,Có nguy cơ
CUS000086,0,0.92511296,1,Khách hàng dịch vụ cao / nhạy cảm trải nghiệm,92.5%,Có nguy cơ
CUS000087,0,0.8838204,1,Khách hàng dịch vụ cao / nhạy cảm trải nghiệm,88.4%,Có nguy cơ
CUS000088,0,0.9777809,1,Khách hàng dịch vụ cao / nhạy cảm trải nghiệm,97.8%,Có nguy cơ
CUS000089,0,0.76602024,1,Khách hàng dịch vụ cao / nhạy cảm trải nghiệm,76.6%,Có nguy cơ
CUS000090,1,0.2743751,0,Khách hàng nhạy ưu đãi / ổn định,27.4%,Không rời bỏ
CUS000091,2,0.92438257,1,Khách hàng giá trị cao / trung thành vừa,92.4%,Có nguy cơ
CUS000092,0,0.9052573,1,Khách hàng dịch vụ cao / nhạy cảm trải nghiệm,90.5%,Có nguy cơ
CUS000093,0,0.98305833,1,Khách hàng dịch vụ cao / nhạy cảm trải nghiệm,98.3%,Có nguy cơ
CUS000094,0,0.28734472,0,Khách hàng dịch vụ cao / nhạy cảm trải nghiệm,28.7%,Không rời bỏ
CUS000095,1,0.007826645,0,Khách hàng nhạy ưu đãi / ổn định,0.8%,Không rời bỏ
CUS000096,0,0.7317913,1,Khách hàng dịch vụ cao / nhạy cảm trải nghiệm,73.2%,Có nguy cơ
CUS000097,0,0.70307684,1,Khách hàng dịch vụ cao / nhạy cảm trải nghiệm,70.3%,Có nguy cơ
CUS000098,0,0.9759403,1,Khách hàng dịch vụ cao / nhạy cảm trải nghiệm,97.6%,Có nguy cơ
CUS000099,0,0.95644575,1,Khách hàng dịch vụ cao / nhạy cảm trải nghiệm,95.6%,Có nguy cơ
CUS000100,0,0.99320894,1,Khách hàng dịch vụ cao / nhạy cảm trải nghiệm,99.3%,Có nguy cơ
CUS000101,0,0.92063826,1,Khách hàng dịch vụ cao / nhạy cảm trải nghiệm,92.1%,Có nguy cơ
CUS000102,0,0.8405843,1,Khách hàng dịch vụ cao / nhạy cảm trải nghiệm,84.1%,Có nguy cơ
CUS000103,1,0.38918135,1,Khách hàng nhạy ưu đãi / ổn định,38.9%,Có nguy cơ
CUS000104,0,0.18520962,0,Khách hàng dịch vụ cao / nhạy cảm trải nghiệm,18.5%,Không rời bỏ
CUS000105,2,0.98322034,1,Khách hàng giá trị cao / trung thành vừa,98.3%,Có nguy cơ
CUS000106,0,0.6461883,1,Khách hàng dịch vụ cao / nhạy cảm trải nghiệm,64.6%,Có nguy cơ
CUS000107,2,0.82942134,1,Khách hàng giá trị cao / trung thành vừa,82.9%,Có nguy cơ
CUS000108,1,0.00034006036,0,Khách hàng nhạy ưu đãi / ổn định,0.0%,Không rời bỏ
CUS000109,2,0.7341239,1,Khách hàng giá trị cao / trung thành vừa,73.4%,Có nguy cơ
CUS000110,1,0.19177403,0,Khách hàng nhạy ưu đãi / ổn định,19.2%,Không rời bỏ
CUS000111,1,0.017457463,0,Khách hàng nhạy ưu đãi / ổn định,1.7%,Không rời bỏ
CUS000112,2,0.98211944,1,Khách hàng giá trị cao / trung thành vừa,98.2%,Có nguy cơ
CUS000113,0,0.95723903,1,Khách hàng dịch vụ cao / nhạy cảm trải nghiệm,95.7%,Có nguy cơ
CUS000114,1,0.02052935,0,Khách hàng nhạy ưu đãi / ổn định,2.1%,Không rời bỏ
CUS000115,0,0.32994732,0,Khách hàng dịch vụ cao / nhạy cảm trải nghiệm,33.0%,Không rời bỏ
CUS000116,1,0.3144199,0,Khách hàng nhạy ưu đãi / ổn định,31.4%,Không rời bỏ
CUS000117,1,0.26181945,0,Khách hàng nhạy ưu đãi / ổn định,26.2%,Không rời bỏ
CUS000118,0,0.9152412,1,Khách hàng dịch vụ cao / nhạy cảm trải nghiệm,91.5%,Có nguy cơ
CUS000119,0,0.99865425,1,Khách hàng dịch vụ cao / nhạy cảm trải nghiệm,99.9%,Có nguy cơ
CUS000120,1,0.004477918,0,Khách hàng nhạy ưu đãi / ổn định,0.4%,Không rời bỏ
CUS000121,0,0.96297467,1,Khách hàng dịch vụ cao / nhạy cảm trải nghiệm,96.3%,Có nguy cơ
CUS000122,0,0.9605746,1,Khách hàng dịch vụ cao / nhạy cảm trải nghiệm,96.1%,Có nguy cơ
CUS000123,1,0.00408825,0,Khách hàng nhạy ưu đãi / ổn định,0.4%,Không rời bỏ
CUS000124,2,0.9377848,1,Khách hàng giá trị cao / trung thành vừa,93.8%,Có nguy cơ
CUS000125,1,0.030589975,0,Khách hàng nhạy ưu đãi / ổn định,3.1%,Không rời bỏ
CUS000126,0,0.96448463,1,Khách hàng dịch vụ cao / nhạy cảm trải nghiệm,96.4%,Có nguy cơ
CUS000127,0,0.9262747,1,Khách hàng dịch vụ cao / nhạy cảm trải nghiệm,92.6%,Có nguy cơ
CUS000128,0,0.9959032,1,Khách hàng dịch vụ cao / nhạy cảm trải nghiệm,99.6%,Có nguy cơ
CUS000129,0,0.96836925,1,Khách hàng dịch vụ cao / nhạy cảm trải nghiệm,96.8%,Có nguy cơ
CUS000130,1,0.39538094,1,Khách hàng nhạy ưu đãi / ổn định,39.5%,Có nguy cơ
CUS000131,0,0.15360981,0,Khách hàng dịch vụ cao / nhạy cảm trải nghiệm,15.4%,Không rời bỏ
CUS000132,1,0.018044585,0,Khách hàng nhạy ưu đãi / ổn định,1.8%,Không rời bỏ
CUS000133,2,0.8880574,1,Khách hàng giá trị cao / trung thành vừa,88.8%,Có nguy cơ
CUS000134,0,0.9789128,1,Khách hàng dịch vụ cao / nhạy cảm trải nghiệm,97.9%,Có nguy cơ
CUS000135,2,0.79512495,1,Khách hàng giá trị cao / trung thành vừa,79.5%,Có nguy cơ
CUS000136,1,0.19778055,0,Khách hàng nhạy ưu đãi / ổn định,19.8%,Không rời bỏ
CUS000137,1,0.5388522,1,Khách hàng nhạy ưu đãi / ổn định,53.9%,Có nguy cơ
CUS000138,1,0.010221865,0,Khách hàng nhạy ưu đãi / ổn định,1.0%,Không rời bỏ
CUS000139,0,0.5829816,1,Khách hàng dịch vụ cao / nhạy cảm trải nghiệm,58.3%,Có nguy cơ
CUS000140,1,0.06680519,0,Khách hàng nhạy ưu đãi / ổn định,6.7%,Không rời bỏ
CUS000141,2,0.97711676,1,Khách hàng giá trị cao / trung thành vừa,97.7%,Có nguy cơ
CUS000142,0,0.23921145,0,Khách hàng dịch vụ cao / nhạy cảm trải nghiệm,23.9%,Không rời bỏ
CUS000143,1,0.84069604,1,Khách hàng nhạy ưu đãi / ổn định,84.1%,Có nguy cơ
CUS000144,1,0.023058822,0,Khách hàng nhạy ưu đãi / ổn định,2.3%,Không rời bỏ
CUS000145,0,0.12104815,0,Khách hàng dịch vụ cao / nhạy cảm trải nghiệm,12.1%,Không rời bỏ
CUS000146,0,0.9955995,1,Khách hàng dịch vụ cao / nhạy cảm trải nghiệm,99.6%,Có nguy cơ
CUS000147,1,0.052466035,0,Khách hàng nhạy ưu đãi / ổn định,5.2%,Không rời bỏ
CUS000148,2,0.9503449,1,Khách hàng giá trị cao / trung thành vừa,95.0%,Có nguy cơ
CUS000149,2,0.76999235,1,Khách hàng giá trị cao / trung thành vừa,77.0%,Có nguy cơ
CUS000150,0,0.40316442,1,Khách hàng dịch vụ cao / nhạy cảm trải nghiệm,40.3%,Có nguy cơ
CUS000151,0,0.6471387,1,Khách hàng dịch vụ cao / nhạy cảm trải nghiệm,64.7%,Có nguy cơ
CUS000152,1,0.02402739,0,Khách hàng nhạy ưu đãi / ổn định,2.4%,Không rời bỏ
CUS000153,0,0.9529648,1,Khách hàng dịch vụ cao / nhạy cảm trải nghiệm,95.3%,Có nguy cơ
CUS000154,1,0.071750544,0,Khách hàng nhạy ưu đãi / ổn định,7.2%,Không rời bỏ
CUS000155,1,0.22249715,0,Khách hàng nhạy ưu đãi / ổn định,22.2%,Không rời bỏ
CUS000156,1,0.009793851,0,Khách hàng nhạy ưu đãi / ổn định,1.0%,Không rời bỏ
CUS000157,1,0.0042776256,0,Khách hàng nhạy ưu đãi / ổn định,0.4%,Không rời bỏ
CUS000158,1,0.019774435,0,Khách hàng nhạy ưu đãi / ổn định,2.0%,Không rời bỏ
CUS000159,1,0.06918957,0,Khách hàng nhạy ưu đãi / ổn định,6.9%,Không rời bỏ
CUS000160,0,0.84429806,1,Khách hàng dịch vụ cao / nhạy cảm trải nghiệm,84.4%,Có nguy cơ
CUS000161,0,0.9963348,1,Khách hàng dịch vụ cao / nhạy cảm trải nghiệm,99.6%,Có nguy cơ
CUS000162,1,0.0023874876,0,Khách hàng nhạy ưu đãi / ổn định,0.2%,Không rời bỏ
CUS000163,0,0.022468235,0,Khách hàng dịch vụ cao / nhạy cảm trải nghiệm,2.2%,Không rời bỏ
CUS000164,0,0.9528017,1,Khách hàng dịch vụ cao / nhạy cảm trải nghiệm,95.3%,Có nguy cơ
CUS000165,0,0.86268336,1,Khách hàng dịch vụ cao / nhạy cảm trải nghiệm,86.3%,Có nguy cơ
CUS000166,0,0.39609727,1,Khách hàng dịch vụ cao / nhạy cảm trải nghiệm,39.6%,Có nguy cơ
CUS000167,0,0.42837173,1,Khách hàng dịch vụ cao / nhạy cảm trải nghiệm,42.8%,Có nguy cơ
CUS000168,2,0.9957534,1,Khách hàng giá trị cao / trung thành vừa,99.6%,Có nguy cơ
CUS000169,1,0.008187775,0,Khách hàng nhạy ưu đãi / ổn định,0.8%,Không rời bỏ
CUS000170,0,0.697895,1,Khách hàng dịch vụ cao / nhạy cảm trải nghiệm,69.8%,Có nguy cơ
CUS000171,0,0.88604647,1,Khách hàng dịch vụ cao / nhạy cảm trải nghiệm,88.6%,Có nguy cơ
CUS000172,0,0.9332423,1,Khách hàng dịch vụ cao / nhạy cảm trải nghiệm,93.3%,Có nguy cơ
CUS000173,0,0.9862125,1,Khách hàng dịch vụ cao / nhạy cảm trải nghiệm,98.6%,Có nguy cơ
CUS000174,1,0.048328362,0,Khách hàng nhạy ưu đãi / ổn định,4.8%,Không rời bỏ
CUS000175,1,0.0544619,0,Khách hàng nhạy ưu đãi / ổn định,5.4%,Không rời bỏ
CUS000176,1,0.66204184,1,Khách hàng nhạy ưu đãi / ổn định,66.2%,Có nguy cơ
CUS000177,0,0.976233,1,Khách hàng dịch vụ cao / nhạy cảm trải nghiệm,97.6%,Có nguy cơ
CUS000178,1,0.14123696,0,Khách hàng nhạy ưu đãi / ổn định,14.1%,Không rời bỏ
CUS000179,1,0.0032298353,0,Khách hàng nhạy ưu đãi / ổn định,0.3%,Không rời bỏ
CUS000180,1,0.8878564,1,Khách hàng nhạy ưu đãi / ổn định,88.8%,Có nguy cơ
CUS000181,2,0.012520955,0,Khách hàng giá trị cao / trung thành vừa,1.3%,Không rời bỏ
CUS000182,2,0.9018528,1,Khách hàng giá trị cao / trung thành vừa,90.2%,Có nguy cơ
CUS000183,0,0.9872825,1,Khách hàng dịch vụ cao / nhạy cảm trải nghiệm,98.7%,Có nguy cơ
CUS000184,1,0.07872944,0,Khách hàng nhạy ưu đãi / ổn định,7.9%,Không rời bỏ
CUS000185,1,0.19379158,0,Khách hàng nhạy ưu đãi / ổn định,19.4%,Không rời bỏ
CUS000186,0,0.97559047,1,Khách hàng dịch vụ cao / nhạy cảm trải nghiệm,97.6%,Có nguy cơ
CUS000187,1,0.13941066,0,Khách hàng nhạy ưu đãi / ổn định,13.9%,Không rời bỏ
CUS000188,1,0.0075970422,0,Khách hàng nhạy ưu đãi / ổn định,0.8%,Không rời bỏ
CUS000189,1,0.18280518,0,Khách hàng nhạy ưu đãi / ổn định,18.3%,Không rời bỏ
CUS000190,2,0.9318913,1,Khách hàng giá trị cao / trung thành vừa,93.2%,Có nguy cơ
CUS000191,1,0.007491029,0,Khách hàng nhạy ưu đãi / ổn định,0.7%,Không rời bỏ
CUS000192,0,0.6944376,1,Khách hàng dịch vụ cao / nhạy cảm trải nghiệm,69.4%,Có nguy cơ
CUS000193,2,0.2724911,0,Khách hàng giá trị cao / trung thành vừa,27.2%,Không rời bỏ
CUS000194,0,0.9845467,1,Khách hàng dịch vụ cao / nhạy cảm trải nghiệm,98.5%,Có nguy cơ
CUS000195,1,0.06470273,0,Khách hàng nhạy ưu đãi / ổn định,6.5%,Không rời bỏ
CUS000196,0,0.919441,1,Khách hàng dịch vụ cao / nhạy cảm trải nghiệm,91.9%,Có nguy cơ
CUS000197,1,0.24895819,0,Khách hàng nhạy ưu đãi / ổn định,24.9%,Không rời bỏ
CUS000198,2,0.0724584,0,Khách hàng giá trị cao / trung thành vừa,7.2%,Không rời bỏ
CUS000199,1,0.64997584,1,Khách hàng nhạy ưu đãi / ổn định,65.0%,Có nguy cơ
CUS000200,1,0.024498034,0,Khách hàng nhạy ưu đãi / ổn định,2.4%,Không rời bỏ
CUS000201,1,0.004010617,0,Khách hàng nhạy ưu đãi / ổn định,0.4%,Không rời bỏ
CUS000202,2,0.9402319,1,Khách hàng giá trị cao / trung thành vừa,94.0%,Có nguy cơ
CUS000203,1,0.08945484,0,Khách hàng nhạy ưu đãi / ổn định,8.9%,Không rời bỏ
CUS000204,1,0.016113084,0,Khách hàng nhạy ưu đãi / ổn định,1.6%,Không rời bỏ
CUS000205,0,0.008558694,0,Khách hàng dịch vụ cao / nhạy cảm trải nghiệm,0.9%,Không rời bỏ
CUS000206,1,0.07208762,0,Khách hàng nhạy ưu đãi / ổn định,7.2%,Không rời bỏ
CUS000207,2,0.15908228,0,Khách hàng giá trị cao / trung thành vừa,15.9%,Không rời bỏ
CUS000208,1,0.010577767,0,Khách hàng nhạy ưu đãi / ổn định,1.1%,Không rời bỏ
CUS000209,1,0.07926686,0,Khách hàng nhạy ưu đãi / ổn định,7.9%,Không rời bỏ
CUS000210,2,0.32679978,0,Khách hàng giá trị cao / trung thành vừa,32.7%,Không rời bỏ
CUS000211,1,0.0005508242,0,Khách hàng nhạy ưu đãi / ổn định,0.1%,Không rời bỏ
CUS000212,0,0.92997533,1,Khách hàng dịch vụ cao / nhạy cảm trải nghiệm,93.0%,Có nguy cơ
CUS000213,2,0.030378932,0,Khách hàng giá trị cao / trung thành vừa,3.0%,Không rời bỏ
CUS000214,1,0.1523207,0,Khách hàng nhạy ưu đãi / ổn định,15.2%,Không rời bỏ
CUS000215,0,0.92556465,1,Khách hàng dịch vụ cao / nhạy cảm trải nghiệm,92.6%,Có nguy cơ
CUS000216,1,0.026351266,0,Khách hàng nhạy ưu đãi / ổn định,2.6%,Không rời bỏ
CUS000217,1,0.100083284,0,Khách hàng nhạy ưu đãi / ổn định,10.0%,Không rời bỏ
CUS000218,1,0.2610468,0,Khách hàng nhạy ưu đãi / ổn định,26.1%,Không rời bỏ
CUS000219,2,0.4028422,1,Khách hàng giá trị cao / trung thành vừa,40.3%,Có nguy cơ
CUS000220,0,0.94290656,1,Khách hàng dịch vụ cao / nhạy cảm trải nghiệm,94.3%,Có nguy cơ
CUS000221,1,0.0013663267,0,Khách hàng nhạy ưu đãi / ổn định,0.1%,Không rời bỏ
CUS000222,1,0.084258445,0,Khách hàng nhạy ưu đãi / ổn định,8.4%,Không rời bỏ
CUS000223,0,0.55616516,1,Khách hàng dịch vụ cao / nhạy cảm trải nghiệm,55.6%,Có nguy cơ
CUS000224,2,0.33391047,1,Khách hàng giá trị cao / trung thành vừa,33.4%,Có nguy cơ
CUS000225,1,0.0076172156,0,Khách hàng nhạy ưu đãi / ổn định,0.8%,Không rời bỏ
CUS000226,1,0.33178997,0,Khách hàng nhạy ưu đãi / ổn định,33.2%,Không rời bỏ
CUS000227,1,0.04857046,0,Khách hàng nhạy ưu đãi / ổn định,4.9%,Không rời bỏ
CUS000228,0,0.07724557,0,Khách hàng dịch vụ cao / nhạy cảm trải nghiệm,7.7%,Không rời bỏ
CUS000229,1,0.0074085486,0,Khách hàng nhạy ưu đãi / ổn định,0.7%,Không rời bỏ
CUS000230,0,0.1928529,0,Khách hàng dịch vụ cao / nhạy cảm trải nghiệm,19.3%,Không rời bỏ
CUS000231,1,0.76038605,1,Khách hàng nhạy ưu đãi / ổn định,76.0%,Có nguy cơ
CUS000232,2,0.05581445,0,Khách hàng giá trị cao / trung thành vừa,5.6%,Không rời bỏ
CUS000233,1,0.082948595,0,Khách hàng nhạy ưu đãi / ổn định,8.3%,Không rời bỏ
CUS000234,1,0.21960843,0,Khách hàng nhạy ưu đãi / ổn định,22.0%,Không rời bỏ
CUS000235,0,0.46935865,1,Khách hàng dịch vụ cao / nhạy cảm trải nghiệm,46.9%,Có nguy cơ
CUS000236,1,0.05590887,0,Khách hàng nhạy ưu đãi / ổn định,5.6%,Không rời bỏ
CUS000237,1,0.16632994,0,Khách hàng nhạy ưu đãi / ổn định,16.6%,Không rời bỏ
CUS000238,2,0.45275956,1,Khách hàng giá trị cao / trung thành vừa,45.3%,Có nguy cơ
CUS000239,2,0.84830326,1,Khách hàng giá trị cao / trung thành vừa,84.8%,Có nguy cơ
CUS000240,1,0.003747179,0,Khách hàng nhạy ưu đãi / ổn định,0.4%,Không rời bỏ
CUS000241,2,0.92375886,1,Khách hàng giá trị cao / trung thành vừa,92.4%,Có nguy cơ
CUS000242,1,0.40965253,1,Khách hàng nhạy ưu đãi / ổn định,41.0%,Có nguy cơ
CUS000243,2,0.51640266,1,Khách hàng giá trị cao / trung thành vừa,51.6%,Có nguy cơ
CUS000244,2,0.0062607797,0,Khách hàng giá trị cao / trung thành vừa,0.6%,Không rời bỏ
CUS000245,1,0.05183466,0,Khách hàng nhạy ưu đãi / ổn định,5.2%,Không rời bỏ
CUS000246,1,0.0015251342,0,Khách hàng nhạy ưu đãi / ổn định,0.2%,Không rời bỏ
CUS000247,1,0.88275546,1,Khách hàng nhạy ưu đãi / ổn định,88.3%,Có nguy cơ
CUS000248,1,0.045447476,0,Khách hàng nhạy ưu đãi / ổn định,4.5%,Không rời bỏ
CUS000249,1,0.45462236,1,Khách hàng nhạy ưu đãi / ổn định,45.5%,Có nguy cơ
CUS000250,0,0.24465354,0,Khách hàng dịch vụ cao / nhạy cảm trải nghiệm,24.5%,Không rời bỏ
CUS000251,1,0.17231889,0,Khách hàng nhạy ưu đãi / ổn định,17.2%,Không rời bỏ
CUS000252,1,0.7314956,1,Khách hàng nhạy ưu đãi / ổn định,73.1%,Có nguy cơ
CUS000253,1,0.64088327,1,Khách hàng nhạy ưu đãi / ổn định,64.1%,Có nguy cơ
CUS000254,0,0.12066242,0,Khách hàng dịch vụ cao / nhạy cảm trải nghiệm,12.1%,Không rời bỏ
CUS000255,0,0.008660661,0,Khách hàng dịch vụ cao / nhạy cảm trải nghiệm,0.9%,Không rời bỏ
CUS000256,1,0.7269404,1,Khách hàng nhạy ưu đãi / ổn định,72.7%,Có nguy cơ
CUS000257,1,0.18739115,0,Khách hàng nhạy ưu đãi / ổn định,18.7%,Không rời bỏ
CUS000258,0,0.94084984,1,Khách hàng dịch vụ cao / nhạy cảm trải nghiệm,94.1%,Có nguy cơ
CUS000259,2,0.6125573,1,Khách hàng giá trị cao / trung thành vừa,61.3%,Có nguy cơ
CUS000260,0,0.12161926,0,Khách hàng dịch vụ cao / nhạy cảm trải nghiệm,12.2%,Không rời bỏ
CUS000261,2,0.11752915,0,Khách hàng giá trị cao / trung thành vừa,11.8%,Không rời bỏ
CUS000262,0,0.29693985,0,Khách hàng dịch vụ cao / nhạy cảm trải nghiệm,29.7%,Không rời bỏ
CUS000263,0,0.33346617,0,Khách hàng dịch vụ cao / nhạy cảm trải nghiệm,33.3%,Không rời bỏ
CUS000264,1,0.15157405,0,Khách hàng nhạy ưu đãi / ổn định,15.2%,Không rời bỏ
CUS000265,0,0.98624194,1,Khách hàng dịch vụ cao / nhạy cảm trải nghiệm,98.6%,Có nguy cơ
CUS000266,1,0.0066780224,0,Khách hàng nhạy ưu đãi / ổn định,0.7%,Không rời bỏ
CUS000267,2,0.038833063,0,Khách hàng giá trị cao / trung thành vừa,3.9%,Không rời bỏ
CUS000268,1,0.6623679,1,Khách hàng nhạy ưu đãi / ổn định,66.2%,Có nguy cơ
CUS000269,1,0.028716711,0,Khách hàng nhạy ưu đãi / ổn định,2.9%,Không rời bỏ
CUS000270,2,0.10500257,0,Khách hàng giá trị cao / trung thành vừa,10.5%,Không rời bỏ
CUS000271,1,0.9527134,1,Khách hàng nhạy ưu đãi / ổn định,95.3%,Có nguy cơ
CUS000272,0,0.2821805,0,Khách hàng dịch vụ cao / nhạy cảm trải nghiệm,28.2%,Không rời bỏ
CUS000273,2,0.6291719,1,Khách hàng giá trị cao / trung thành vừa,62.9%,Có nguy cơ
CUS000274,0,0.75939065,1,Khách hàng dịch vụ cao / nhạy cảm trải nghiệm,75.9%,Có nguy cơ
CUS000275,0,0.9800831,1,Khách hàng dịch vụ cao / nhạy cảm trải nghiệm,98.0%,Có nguy cơ
CUS000276,2,0.83907956,1,Khách hàng giá trị cao / trung thành vừa,83.9%,Có nguy cơ
CUS000277,0,0.068888485,0,Khách hàng dịch vụ cao / nhạy cảm trải nghiệm,6.9%,Không rời bỏ
CUS000278,1,0.011649386,0,Khách hàng nhạy ưu đãi / ổn định,1.2%,Không rời bỏ
CUS000279,1,0.012059209,0,Khách hàng nhạy ưu đãi / ổn định,1.2%,Không rời bỏ
CUS000280,1,0.8260845,1,Khách hàng nhạy ưu đãi / ổn định,82.6%,Có nguy cơ
CUS000281,0,0.9703627,1,Khách hàng dịch vụ cao / nhạy cảm trải nghiệm,97.0%,Có nguy cơ
CUS000282,2,0.9699868,1,Khách hàng giá trị cao / trung thành vừa,97.0%,Có nguy cơ
CUS000283,1,0.053596813,0,Khách hàng nhạy ưu đãi / ổn định,5.4%,Không rời bỏ
CUS000284,1,0.049616493,0,Khách hàng nhạy ưu đãi / ổn định,5.0%,Không rời bỏ
CUS000285,1,0.19240548,0,Khách hàng nhạy ưu đãi / ổn định,19.2%,Không rời bỏ
CUS000286,2,0.11740074,0,Khách hàng giá trị cao / trung thành vừa,11.7%,Không rời bỏ
CUS000287,0,0.2267322,0,Khách hàng dịch vụ cao / nhạy cảm trải nghiệm,22.7%,Không rời bỏ
CUS000288,0,0.9731759,1,Khách hàng dịch vụ cao / nhạy cảm trải nghiệm,97.3%,Có nguy cơ
CUS000289,2,0.6860675,1,Khách hàng giá trị cao / trung thành vừa,68.6%,Có nguy cơ
CUS000290,1,0.0073213954,0,Khách hàng nhạy ưu đãi / ổn định,0.7%,Không rời bỏ
CUS000291,1,0.82909656,1,Khách hàng nhạy ưu đãi / ổn định,82.9%,Có nguy cơ
CUS000292,2,0.9328605,1,Khách hàng giá trị cao / trung thành vừa,93.3%,Có nguy cơ
CUS000293,1,0.62842333,1,Khách hàng nhạy ưu đãi / ổn định,62.8%,Có nguy cơ
CUS000294,1,0.01711709,0,Khách hàng nhạy ưu đãi / ổn định,1.7%,Không rời bỏ
CUS000295,2,0.010020824,0,Khách hàng giá trị cao / trung thành vừa,1.0%,Không rời bỏ
CUS000296,0,0.004251691,0,Khách hàng dịch vụ cao / nhạy cảm trải nghiệm,0.4%,Không rời bỏ
CUS000297,0,0.7529943,1,Khách hàng dịch vụ cao / nhạy cảm trải nghiệm,75.3%,Có nguy cơ
CUS000298,2,0.77238774,1,Khách hàng giá trị cao / trung thành vừa,77.2%,Có nguy cơ
CUS000299,2,0.24577343,0,Khách hàng giá trị cao / trung thành vừa,24.6%,Không rời bỏ
CUS000300,1,0.116339445,0,Khách hàng nhạy ưu đãi / ổn định,11.6%,Không rời bỏ
CUS000301,0,0.76290536,1,Khách hàng dịch vụ cao / nhạy cảm trải nghiệm,76.3%,Có nguy cơ
CUS000302,2,0.78260577,1,Khách hàng giá trị cao / trung thành vừa,78.3%,Có nguy cơ
CUS000303,0,0.8080656,1,Khách hàng dịch vụ cao / nhạy cảm trải nghiệm,80.8%,Có nguy cơ
CUS000304,0,0.82976264,1,Khách hàng dịch vụ cao / nhạy cảm trải nghiệm,83.0%,Có nguy cơ
CUS000305,2,0.7465697,1,Khách hàng giá trị cao / trung thành vừa,74.7%,Có nguy cơ
CUS000306,2,0.984032,1,Khách hàng giá trị cao / trung thành vừa,98.4%,Có nguy cơ
CUS000307,0,0.9827535,1,Khách hàng dịch vụ cao / nhạy cảm trải nghiệm,98.3%,Có nguy cơ
CUS000308,2,0.04300062,0,Khách hàng giá trị cao / trung thành vừa,4.3%,Không rời bỏ
CUS000309,2,0.09007185,0,Khách hàng giá trị cao / trung thành vừa,9.0%,Không rời bỏ
CUS000310,0,0.96808875,1,Khách hàng dịch vụ cao / nhạy cảm trải nghiệm,96.8%,Có nguy cơ
CUS000311,0,0.8288258,1,Khách hàng dịch vụ cao / nhạy cảm trải nghiệm,82.9%,Có nguy cơ
CUS000312,0,0.94763464,1,Khách hàng dịch vụ cao / nhạy cảm trải nghiệm,94.8%,Có nguy cơ
CUS000313,1,0.04184716,0,Khách hàng nhạy ưu đãi / ổn định,4.2%,Không rời bỏ
CUS000314,1,0.32824185,0,Khách hàng nhạy ưu đãi / ổn định,32.8%,Không rời bỏ
CUS000315,1,0.78964216,1,Khách hàng nhạy ưu đãi / ổn định,79.0%,Có nguy cơ
CUS000316,0,0.6869752,1,Khách hàng dịch vụ cao / nhạy cảm trải nghiệm,68.7%,Có nguy cơ
CUS000317,2,0.20745178,0,Khách hàng giá trị cao / trung thành vừa,20.7%,Không rời bỏ
CUS000318,2,0.460416,1,Khách hàng giá trị cao / trung thành vừa,46.0%,Có nguy cơ
CUS000319,1,0.9526673,1,Khách hàng nhạy ưu đãi / ổn định,95.3%,Có nguy cơ
CUS000320,0,0.81708044,1,Khách hàng dịch vụ cao / nhạy cảm trải nghiệm,81.7%,Có nguy cơ
CUS000321,2,0.8649102,1,Khách hàng giá trị cao / trung thành vừa,86.5%,Có nguy cơ
CUS000322,0,0.9157391,1,Khách hàng dịch vụ cao / nhạy cảm trải nghiệm,91.6%,Có nguy cơ
CUS000323,1,0.37014547,1,Khách hàng nhạy ưu đãi / ổn định,37.0%,Có nguy cơ
CUS000324,2,0.17648058,0,Khách hàng giá trị cao / trung thành vừa,17.6%,Không rời bỏ
CUS000325,0,0.8760153,1,Khách hàng dịch vụ cao / nhạy cảm trải nghiệm,87.6%,Có nguy cơ
CUS000326,1,0.97300345,1,Khách hàng nhạy ưu đãi / ổn định,97.3%,Có nguy cơ
CUS000327,2,0.46861103,1,Khách hàng giá trị cao / trung thành vừa,46.9%,Có nguy cơ
CUS000328,2,0.011776367,0,Khách hàng giá trị cao / trung thành vừa,1.2%,Không rời bỏ
CUS000329,1,0.95495987,1,Khách hàng nhạy ưu đãi / ổn định,95.5%,Có nguy cơ
CUS000330,0,0.9902829,1,Khách hàng dịch vụ cao / nhạy cảm trải nghiệm,99.0%,Có nguy cơ
CUS000331,0,0.97177684,1,Khách hàng dịch vụ cao / nhạy cảm trải nghiệm,97.2%,Có nguy cơ
CUS000332,1,0.871624,1,Khách hàng nhạy ưu đãi / ổn định,87.2%,Có nguy cơ
CUS000333,1,0.025750896,0,Khách hàng nhạy ưu đãi / ổn định,2.6%,Không rời bỏ
CUS000334,0,0.057952233,0,Khách hàng dịch vụ cao / nhạy cảm trải nghiệm,5.8%,Không rời bỏ
CUS000335,2,0.9967265,1,Khách hàng giá trị cao / trung thành vừa,99.7%,Có nguy cơ
CUS000336,0,0.20590487,0,Khách hàng dịch vụ cao / nhạy cảm trải nghiệm,20.6%,Không rời bỏ
CUS000337,2,0.9958711,1,Khách hàng giá trị cao / trung thành vừa,99.6%,Có nguy cơ
CUS000338,0,0.85195935,1,Khách hàng dịch vụ cao / nhạy cảm trải nghiệm,85.2%,Có nguy cơ
CUS000339,0,0.920219,1,Khách hàng dịch vụ cao / nhạy cảm trải nghiệm,92.0%,Có nguy cơ
CUS000340,1,0.033812445,0,Khách hàng nhạy ưu đãi / ổn định,3.4%,Không rời bỏ
CUS000341,1,0.94999963,1,Khách hàng nhạy ưu đãi / ổn định,95.0%,Có nguy cơ
CUS000342,2,0.10011864,0,Khách hàng giá trị cao / trung thành vừa,10.0%,Không rời bỏ
CUS000343,0,0.9640314,1,Khách hàng dịch vụ cao / nhạy cảm trải nghiệm,96.4%,Có nguy cơ
CUS000344,1,0.015424363,0,Khách hàng nhạy ưu đãi / ổn định,1.5%,Không rời bỏ
CUS000345,2,0.8068627,1,Khách hàng giá trị cao / trung thành vừa,80.7%,Có nguy cơ
CUS000346,0,0.9752111,1,Khách hàng dịch vụ cao / nhạy cảm trải nghiệm,97.5%,Có nguy cơ
CUS000347,1,0.0071586864,0,Khách hàng nhạy ưu đãi / ổn định,0.7%,Không rời bỏ
CUS000348,0,0.15984386,0,Khách hàng dịch vụ cao / nhạy cảm trải nghiệm,16.0%,Không rời bỏ
CUS000349,2,0.933238,1,Khách hàng giá trị cao / trung thành vừa,93.3%,Có nguy cơ
CUS000350,0,0.2590104,0,Khách hàng dịch vụ cao / nhạy cảm trải nghiệm,25.9%,Không rời bỏ
CUS000351,2,0.013621963,0,Khách hàng giá trị cao / trung thành vừa,1.4%,Không rời bỏ
CUS000352,2,0.98509663,1,Khách hàng giá trị cao / trung thành vừa,98.5%,Có nguy cơ
CUS000353,2,0.01840849,0,Khách hàng giá trị cao / trung thành vừa,1.8%,Không rời bỏ
CUS000354,0,0.99991083,1,Khách hàng dịch vụ cao / nhạy cảm trải nghiệm,100.0%,Có nguy cơ
CUS000355,1,0.7456994,1,Khách hàng nhạy ưu đãi / ổn định,74.6%,Có nguy cơ
CUS000356,2,0.96821296,1,Khách hàng giá trị cao / trung thành vừa,96.8%,Có nguy cơ
CUS000357,2,0.9534079,1,Khách hàng giá trị cao / trung thành vừa,95.3%,Có nguy cơ
CUS000358,1,0.8304307,1,Khách hàng nhạy ưu đãi / ổn định,83.0%,Có nguy cơ
CUS000359,1,0.72272134,1,Khách hàng nhạy ưu đãi / ổn định,72.3%,Có nguy cơ
CUS000360,0,0.22295095,0,Khách hàng dịch vụ cao / nhạy cảm trải nghiệm,22.3%,Không rời bỏ
CUS000361,2,0.98130095,1,Khách hàng giá trị cao / trung thành vừa,98.1%,Có nguy cơ
CUS000362,0,0.9915332,1,Khách hàng dịch vụ cao / nhạy cảm trải nghiệm,99.2%,Có nguy cơ
CUS000363,1,0.03707982,0,Khách hàng nhạy ưu đãi / ổn định,3.7%,Không rời bỏ
CUS000364,0,0.98846984,1,Khách hàng dịch vụ cao / nhạy cảm trải nghiệm,98.8%,Có nguy cơ
CUS000365,1,0.6084266,1,Khách hàng nhạy ưu đãi / ổn định,60.8%,Có nguy cơ
CUS000366,1,0.059501015,0,Khách hàng nhạy ưu đãi / ổn định,6.0%,Không rời bỏ
CUS000367,1,0.8899881,1,Khách hàng nhạy ưu đãi / ổn định,89.0%,Có nguy cơ
CUS000368,2,0.1920244,0,Khách hàng giá trị cao / trung thành vừa,19.2%,Không rời bỏ
CUS000369,1,0.1575977,0,Khách hàng nhạy ưu đãi / ổn định,15.8%,Không rời bỏ
CUS000370,2,0.11167347,0,Khách hàng giá trị cao / trung thành vừa,11.2%,Không rời bỏ
CUS000371,0,0.5414263,1,Khách hàng dịch vụ cao / nhạy cảm trải nghiệm,54.1%,Có nguy cơ
CUS000372,0,0.99731356,1,Khách hàng dịch vụ cao / nhạy cảm trải nghiệm,99.7%,Có nguy cơ
CUS000373,0,0.994086,1,Khách hàng dịch vụ cao / nhạy cảm trải nghiệm,99.4%,Có nguy cơ
CUS000374,0,0.9568004,1,Khách hàng dịch vụ cao / nhạy cảm trải nghiệm,95.7%,Có nguy cơ
CUS000375,2,0.2432389,0,Khách hàng giá trị cao / trung thành vừa,24.3%,Không rời bỏ
CUS000376,1,0.010963145,0,Khách hàng nhạy ưu đãi / ổn định,1.1%,Không rời bỏ
CUS000377,2,0.99787617,1,Khách hàng giá trị cao / trung thành vừa,99.8%,Có nguy cơ
CUS000378,1,0.9456767,1,Khách hàng nhạy ưu đãi / ổn định,94.6%,Có nguy cơ
CUS000379,1,0.618455,1,Khách hàng nhạy ưu đãi / ổn định,61.8%,Có nguy cơ
CUS000380,0,0.9993436,1,Khách hàng dịch vụ cao / nhạy cảm trải nghiệm,99.9%,Có nguy cơ
CUS000381,2,0.28698483,0,Khách hàng giá trị cao / trung thành vừa,28.7%,Không rời bỏ
CUS000382,2,0.36260366,1,Khách hàng giá trị cao / trung thành vừa,36.3%,Có nguy cơ
CUS000383,1,0.019663766,0,Khách hàng nhạy ưu đãi / ổn định,2.0%,Không rời bỏ
CUS000384,2,0.99410665,1,Khách hàng giá trị cao / trung thành vừa,99.4%,Có nguy cơ
CUS000385,0,0.7351864,1,Khách hàng dịch vụ cao / nhạy cảm trải nghiệm,73.5%,Có nguy cơ
CUS000386,0,0.20027167,0,Khách hàng dịch vụ cao / nhạy cảm trải nghiệm,20.0%,Không rời bỏ
CUS000387,2,0.9990049,1,Khách hàng giá trị cao / trung thành vừa,99.9%,Có nguy cơ
CUS000388,2,0.9312412,1,Khách hàng giá trị cao / trung thành vừa,93.1%,Có nguy cơ
CUS000389,2,0.080071725,0,Khách hàng giá trị cao / trung thành vừa,8.0%,Không rời bỏ
CUS000390,1,0.26458097,0,Khách hàng nhạy ưu đãi / ổn định,26.5%,Không rời bỏ
CUS000391,2,0.9634727,1,Khách hàng giá trị cao / trung thành vừa,96.3%,Có nguy cơ
CUS000392,2,0.997361,1,Khách hàng giá trị cao / trung thành vừa,99.7%,Có nguy cơ
CUS000393,2,0.2798061,0,Khách hàng giá trị cao / trung thành vừa,28.0%,Không rời bỏ
CUS000394,2,0.9855296,1,Khách hàng giá trị cao / trung thành vừa,98.6%,Có nguy cơ
CUS000395,2,0.9911527,1,Khách hàng giá trị cao / trung thành vừa,99.1%,Có nguy cơ
CUS000396,2,0.9928231,1,Khách hàng giá trị cao / trung thành vừa,99.3%,Có nguy cơ
CUS000397,1,0.64392024,1,Khách hàng nhạy ưu đãi / ổn định,64.4%,Có nguy cơ
CUS000398,2,0.8082454,1,Khách hàng giá trị cao / trung thành vừa,80.8%,Có nguy cơ
CUS000399,0,0.92283046,1,Khách hàng dịch vụ cao / nhạy cảm trải nghiệm,92.3%,Có nguy cơ
CUS000400,2,0.0028573559,0,Khách hàng giá trị cao / trung thành vừa,0.3%,Không rời bỏ
CUS000401,0,0.9927065,1,Khách hàng dịch vụ cao / nhạy cảm trải nghiệm,99.3%,Có nguy cơ
CUS000402,1,0.9667381,1,Khách hàng nhạy ưu đãi / ổn định,96.7%,Có nguy cơ
CUS000403,0,0.9778236,1,Khách hàng dịch vụ cao / nhạy cảm trải nghiệm,97.8%,Có nguy cơ
CUS000404,0,0.08992644,0,Khách hàng dịch vụ cao / nhạy cảm trải nghiệm,9.0%,Không rời bỏ
CUS000405,0,0.108749345,0,Khách hàng dịch vụ cao / nhạy cảm trải nghiệm,10.9%,Không rời bỏ
CUS000406,0,0.98939604,1,Khách hàng dịch vụ cao / nhạy cảm trải nghiệm,98.9%,Có nguy cơ
CUS000407,1,0.09884507,0,Khách hàng nhạy ưu đãi / ổn định,9.9%,Không rời bỏ
CUS000408,2,0.054126315,0,Khách hàng giá trị cao / trung thành vừa,5.4%,Không rời bỏ
CUS000409,0,0.3757867,1,Khách hàng dịch vụ cao / nhạy cảm trải nghiệm,37.6%,Có nguy cơ
CUS000410,1,0.7814602,1,Khách hàng nhạy ưu đãi / ổn định,78.1%,Có nguy cơ
CUS000411,1,0.9868134,1,Khách hàng nhạy ưu đãi / ổn định,98.7%,Có nguy cơ
CUS000412,1,0.95652944,1,Khách hàng nhạy ưu đãi / ổn định,95.7%,Có nguy cơ
CUS000413,2,0.12662736,0,Khách hàng giá trị cao / trung thành vừa,12.7%,Không rời bỏ
CUS000414,1,0.031751636,0,Khách hàng nhạy ưu đãi / ổn định,3.2%,Không rời bỏ
CUS000415,2,0.66542953,1,Khách hàng giá trị cao / trung thành vừa,66.5%,Có nguy cơ
CUS000416,2,0.96140164,1,Khách hàng giá trị cao / trung thành vừa,96.1%,Có nguy cơ
CUS000417,2,0.80285716,1,Khách hàng giá trị cao / trung thành vừa,80.3%,Có nguy cơ
CUS000418,2,0.78175545,1,Khách hàng giá trị cao / trung thành vừa,78.2%,Có nguy cơ
CUS000419,2,0.82449853,1,Khách hàng giá trị cao / trung thành vừa,82.4%,Có nguy cơ
CUS000420,2,0.08726966,0,Khách hàng giá trị cao / trung thành vừa,8.7%,Không rời bỏ
CUS000421,2,0.009991627,0,Khách hàng giá trị cao / trung thành vừa,1.0%,Không rời bỏ
CUS000422,2,0.99324244,1,Khách hàng giá trị cao / trung thành vừa,99.3%,Có nguy cơ
CUS000423,2,0.9258823,1,Khách hàng giá trị cao / trung thành vừa,92.6%,Có nguy cơ
CUS000424,0,0.24332584,0,Khách hàng dịch vụ cao / nhạy cảm trải nghiệm,24.3%,Không rời bỏ
CUS000425,1,0.7145322,1,Khách hàng nhạy ưu đãi / ổn định,71.5%,Có nguy cơ
CUS000426,2,0.24564616,0,Khách hàng giá trị cao / trung thành vừa,24.6%,Không rời bỏ
CUS000427,2,0.21255516,0,Khách hàng giá trị cao / trung thành vừa,21.3%,Không rời bỏ
CUS000428,2,0.97436744,1,Khách hàng giá trị cao / trung thành vừa,97.4%,Có nguy cơ
CUS000429,0,0.9153011,1,Khách hàng dịch vụ cao / nhạy cảm trải nghiệm,91.5%,Có nguy cơ
CUS000430,2,0.9856112,1,Khách hàng giá trị cao / trung thành vừa,98.6%,Có nguy cơ
CUS000431,1,0.87782305,1,Khách hàng nhạy ưu đãi / ổn định,87.8%,Có nguy cơ
CUS000432,0,0.99768317,1,Khách hàng dịch vụ cao / nhạy cảm trải nghiệm,99.8%,Có nguy cơ
CUS000433,2,0.9315516,1,Khách hàng giá trị cao / trung thành vừa,93.2%,Có nguy cơ
CUS000434,0,0.066880666,0,Khách hàng dịch vụ cao / nhạy cảm trải nghiệm,6.7%,Không rời bỏ
CUS000435,2,0.7863906,1,Khách hàng giá trị cao / trung thành vừa,78.6%,Có nguy cơ
CUS000436,0,0.91710436,1,Khách hàng dịch vụ cao / nhạy cảm trải nghiệm,91.7%,Có nguy cơ
CUS000437,2,0.35413855,1,Khách hàng giá trị cao / trung thành vừa,35.4%,Có nguy cơ
CUS000438,0,0.19488622,0,Khách hàng dịch vụ cao / nhạy cảm trải nghiệm,19.5%,Không rời bỏ
CUS000439,2,0.8693199,1,Khách hàng giá trị cao / trung thành vừa,86.9%,Có nguy cơ
CUS000440,1,0.70550036,1,Khách hàng nhạy ưu đãi / ổn định,70.6%,Có nguy cơ
CUS000441,2,0.8401444,1,Khách hàng giá trị cao / trung thành vừa,84.0%,Có nguy cơ
CUS000442,0,0.996627,1,Khách hàng dịch vụ cao / nhạy cảm trải nghiệm,99.7%,Có nguy cơ
CUS000443,1,0.553288,1,Khách hàng nhạy ưu đãi / ổn định,55.3%,Có nguy cơ
CUS000444,2,0.6274872,1,Khách hàng giá trị cao / trung thành vừa,62.7%,Có nguy cơ
CUS000445,0,0.9969656,1,Khách hàng dịch vụ cao / nhạy cảm trải nghiệm,99.7%,Có nguy cơ
CUS000446,2,0.9501222,1,Khách hàng giá trị cao / trung thành vừa,95.0%,Có nguy cơ
CUS000447,2,0.947518,1,Khách hàng giá trị cao / trung thành vừa,94.8%,Có nguy cơ
CUS000448,1,0.9115283,1,Khách hàng nhạy ưu đãi / ổn định,91.2%,Có nguy cơ
CUS000449,1,0.16474864,0,Khách hàng nhạy ưu đãi / ổn định,16.5%,Không rời bỏ
CUS000450,1,0.64102757,1,Khách hàng nhạy ưu đãi / ổn định,64.1%,Có nguy cơ
CUS000451,2,0.9344166,1,Khách hàng giá trị cao / trung thành vừa,93.4%,Có nguy cơ
CUS000452,2,0.059485525,0,Khách hàng giá trị cao / trung thành vừa,5.9%,Không rời bỏ
CUS000453,0,0.06831449,0,Khách hàng dịch vụ cao / nhạy cảm trải nghiệm,6.8%,Không rời bỏ
CUS000454,0,0.5666652,1,Khách hàng dịch vụ cao / nhạy cảm trải nghiệm,56.7%,Có nguy cơ
CUS000455,2,0.72279006,1,Khách hàng giá trị cao / trung thành vừa,72.3%,Có nguy cơ
CUS000456,0,0.92116565,1,Khách hàng dịch vụ cao / nhạy cảm trải nghiệm,92.1%,Có nguy cơ
CUS000457,0,0.19519214,0,Khách hàng dịch vụ cao / nhạy cảm trải nghiệm,19.5%,Không rời bỏ
CUS000458,2,0.93001056,1,Khách hàng giá trị cao / trung thành vừa,93.0%,Có nguy cơ
CUS000459,0,0.04149329,0,Khách hàng dịch vụ cao / nhạy cảm trải nghiệm,4.1%,Không rời bỏ
CUS000460,2,0.87688524,1,Khách hàng giá trị cao / trung thành vừa,87.7%,Có nguy cơ
CUS000461,0,0.20098536,0,Khách hàng dịch vụ cao / nhạy cảm trải nghiệm,20.1%,Không rời bỏ
CUS000462,1,0.023939362,0,Khách hàng nhạy ưu đãi / ổn định,2.4%,Không rời bỏ
CUS000463,2,0.046570368,0,Khách hàng giá trị cao / trung thành vừa,4.7%,Không rời bỏ
CUS000464,2,0.887948,1,Khách hàng giá trị cao / trung thành vừa,88.8%,Có nguy cơ
CUS000465,1,0.10106211,0,Khách hàng nhạy ưu đãi / ổn định,10.1%,Không rời bỏ
CUS000466,2,0.98321354,1,Khách hàng giá trị cao / trung thành vừa,98.3%,Có nguy cơ
CUS000467,2,0.45646417,1,Khách hàng giá trị cao / trung thành vừa,45.6%,Có nguy cơ
CUS000468,2,0.90661913,1,Khách hàng giá trị cao / trung thành vừa,90.7%,Có nguy cơ
CUS000469,0,0.98848754,1,Khách hàng dịch vụ cao / nhạy cảm trải nghiệm,98.8%,Có nguy cơ
CUS000470,1,0.81481075,1,Khách hàng nhạy ưu đãi / ổn định,81.5%,Có nguy cơ
CUS000471,1,0.35635912,1,Khách hàng nhạy ưu đãi / ổn định,35.6%,Có nguy cơ
CUS000472,1,0.8691579,1,Khách hàng nhạy ưu đãi / ổn định,86.9%,Có nguy cơ
CUS000473,1,0.8919873,1,Khách hàng nhạy ưu đãi / ổn định,89.2%,Có nguy cơ
CUS000474,0,0.7176532,1,Khách hàng dịch vụ cao / nhạy cảm trải nghiệm,71.8%,Có nguy cơ
CUS000475,1,0.06420993,0,Khách hàng nhạy ưu đãi / ổn định,6.4%,Không rời bỏ
CUS000476,0,0.78565276,1,Khách hàng dịch vụ cao / nhạy cảm trải nghiệm,78.6%,Có nguy cơ
CUS000477,0,0.8722273,1,Khách hàng dịch vụ cao / nhạy cảm trải nghiệm,87.2%,Có nguy cơ
CUS000478,1,0.0036746995,0,Khách hàng nhạy ưu đãi / ổn định,0.4%,Không rời bỏ
CUS000479,1,0.79441947,1,Khách hàng nhạy ưu đãi / ổn định,79.4%,Có nguy cơ
CUS000480,0,0.6594177,1,Khách hàng dịch vụ cao / nhạy cảm trải nghiệm,65.9%,Có nguy cơ
CUS000481,2,0.9352803,1,Khách hàng giá trị cao / trung thành vừa,93.5%,Có nguy cơ
CUS000482,0,0.9887749,1,Khách hàng dịch vụ cao / nhạy cảm trải nghiệm,98.9%,Có nguy cơ
CUS000483,2,0.9586418,1,Khách hàng giá trị cao / trung thành vừa,95.9%,Có nguy cơ
CUS000484,1,0.22819617,0,Khách hàng nhạy ưu đãi / ổn định,22.8%,Không rời bỏ
CUS000485,0,0.8134786,1,Khách hàng dịch vụ cao / nhạy cảm trải nghiệm,81.3%,Có nguy cơ
CUS000486,2,0.15541478,0,Khách hàng giá trị cao / trung thành vừa,15.5%,Không rời bỏ
CUS000487,1,0.13591276,0,Khách hàng nhạy ưu đãi / ổn định,13.6%,Không rời bỏ
CUS000488,2,0.20771797,0,Khách hàng giá trị cao / trung thành vừa,20.8%,Không rời bỏ
CUS000489,0,0.9826513,1,Khách hàng dịch vụ cao / nhạy cảm trải nghiệm,98.3%,Có nguy cơ
CUS000490,2,0.47744292,1,Khách hàng giá trị cao / trung thành vừa,47.7%,Có nguy cơ
CUS000491,2,0.51254386,1,Khách hàng giá trị cao / trung thành vừa,51.3%,Có nguy cơ
CUS000492,2,0.9983246,1,Khách hàng giá trị cao / trung thành vừa,99.8%,Có nguy cơ
CUS000493,2,0.9436035,1,Khách hàng giá trị cao / trung thành vừa,94.4%,Có nguy cơ
CUS000494,2,0.77826107,1,Khách hàng giá trị cao / trung thành vừa,77.8%,Có nguy cơ
CUS000495,2,0.9789523,1,Khách hàng giá trị cao / trung thành vừa,97.9%,Có nguy cơ
CUS000496,2,0.8652328,1,Khách hàng giá trị cao / trung thành vừa,86.5%,Có nguy cơ
CUS000497,2,0.56652975,1,Khách hàng giá trị cao / trung thành vừa,56.7%,Có nguy cơ
CUS000498,1,0.0045286897,0,Khách hàng nhạy ưu đãi / ổn định,0.5%,Không rời bỏ
CUS000499,1,0.78816557,1,Khách hàng nhạy ưu đãi / ổn định,78.8%,Có nguy cơ
