CustomerID,Age,Gender,Marital Status,Occupation,Educational Qualifications,Family size,Frequently used Medium,Frequently ordered Meal category ,Perference,Restaurnat Rating,Delivery Rating,No. of orders placed,Delivery Time,Order Value,Ease and convenient,Self Cooking,Health Concern,Late Delivery,Poor Hygiene,Bad past experience,More Offers and Discount,Maximum wait time,Influence of rating
CUS001,20,Female,Single,Student,Post Graduate,4,Food delivery apps,Breakfast,Non Veg foods (Lunch / Dinner),1,1,150,45,1,Neutral,Neutral,Neutral,Neutral,Neutral,Neutral,Neutral,30 minutes,Yes
CUS002,24,Female,Single,Student,Graduate,3,Food delivery apps,Snacks,Non Veg foods (Lunch / Dinner),1,1,32,61,3,Strongly agree,Strongly agree,Strongly agree,Agree,Strongly agree,Strongly agree,Strongly agree,30 minutes,Yes
CUS003,22,Male,Single,Student,Post Graduate,3,Food delivery apps,Lunch,Non Veg foods (Lunch / Dinner),3,5,193,19,1,Strongly agree,Disagree,Neutral,Neutral,Agree,Agree,Neutral,45 minutes,Yes
CUS004,22,Female,Single,Student,Graduate,6,Food delivery apps,Snacks,Veg foods (Breakfast / Lunch / Dinner),2,4,60,44,1,Agree,Agree,Strongly agree,Neutral,Agree,Disagree,Strongly agree,30 minutes,Yes
CUS005,22,Male,Single,Student,Post Graduate,4,Walk-in,Lunch,Non Veg foods (Lunch / Dinner),3,1,234,24,3,Agree,Agree,Strongly agree,Strongly agree,Agree,Strongly agree,Agree,30 minutes,Yes
CUS006,27,Female,Married,Employee,Post Graduate,2,Food delivery apps,Lunch,Non Veg foods (Lunch / Dinner),2,4,55,39,3,Agree,Disagree,Neutral,Agree,Agree,Agree,Agree,45 minutes,Yes
CUS007,22,Male,Single,Student,Graduate,3,Food delivery apps,Lunch,Non Veg foods (Lunch / Dinner),5,2,77,18,1,Strongly agree,Disagree,Agree,Disagree,Agree,Disagree,Agree,45 minutes,Yes
CUS008,24,Female,Single,Student,Post Graduate,3,Food delivery apps,Dinner,Non Veg foods (Lunch / Dinner),5,1,172,56,1,Strongly agree,Agree,Agree,Agree,Neutral,Neutral,Agree,45 minutes,Maybe
CUS009,23,Female,Single,Student,Post Graduate,2,Food delivery apps,Dinner,Non Veg foods (Lunch / Dinner),3,3,224,20,1,Agree,Agree,Agree,Neutral,Agree,Neutral,Agree,30 minutes,Maybe
CUS010,23,Female,Single,Student,Post Graduate,4,Food delivery apps,Lunch,Non Veg foods (Lunch / Dinner),1,5,165,17,1,Neutral,Agree,Agree,Neutral,Neutral,Neutral,Neutral,45 minutes,Yes
CUS011,22,Female,Single,Student,Post Graduate,5,Food delivery apps,Snacks,Non Veg foods (Lunch / Dinner),4,4,225,52,3,Agree,Agree,Strongly agree,Agree,Strongly agree,Agree,Agree,45 minutes,Yes
CUS012,23,Male,Single,Student,Post Graduate,2,Food delivery apps,Lunch,Non Veg foods (Lunch / Dinner),3,2,27,42,3,Strongly agree,Agree,Strongly agree,Disagree,Agree,Strongly agree,Agree,45 minutes,Yes
CUS013,23,Male,Single,Student,Post Graduate,5,Walk-in,Snacks,Non Veg foods (Lunch / Dinner),3,2,103,46,1,Agree,Neutral,Agree,Neutral,Agree,Disagree,Agree,30 minutes,Maybe
CUS014,21,Male,Single,Student,Graduate,4,Walk-in,Dinner,Non Veg foods (Lunch / Dinner),3,2,233,44,1,Agree,Disagree,Strongly agree,Neutral,Neutral,Neutral,Strongly agree,30 minutes,Yes
CUS015,23,Female,Single,Self Employeed,Post Graduate,5,Food delivery apps,Snacks,Non Veg foods (Lunch / Dinner),1,4,54,27,3,Agree,Agree,Strongly agree,Disagree,Strongly agree,Strongly agree,Neutral,45 minutes,Yes
CUS016,24,Female,Single,Student,Post Graduate,6,Food delivery apps,Lunch,Non Veg foods (Lunch / Dinner),5,3,210,51,3,Strongly agree,Strongly agree,Strongly agree,Disagree,Disagree,Disagree,Neutral,30 minutes,Yes
CUS017,28,Female,Single,Employee,Post Graduate,2,Walk-in,Dinner,Veg foods (Breakfast / Lunch / Dinner),3,1,30,40,3,Neutral,Disagree,Neutral,Disagree,Neutral,Neutral,Neutral,60 minutes,No
CUS018,23,Female,Single,Student,Graduate,3,Food delivery apps,Lunch,Non Veg foods (Lunch / Dinner),2,5,163,17,3,Agree,Neutral,Neutral,Neutral,Strongly agree,Neutral,Disagree,45 minutes,Yes
CUS019,25,Male,Single,Student,Graduate,4,Food delivery apps,Lunch,Non Veg foods (Lunch / Dinner),3,4,167,24,1,Strongly agree,Neutral,Agree,Strongly disagree,Strongly agree,Neutral,Strongly agree,45 minutes,Yes
CUS020,21,Female,Single,Student,Post Graduate,1,Food delivery apps,Dinner,Veg foods (Breakfast / Lunch / Dinner),5,5,75,43,2,Agree,Neutral,Strongly disagree,Neutral,Strongly disagree,Strongly disagree,Strongly disagree,45 minutes,Yes
CUS021,24,Male,Single,Student,Post Graduate,3,Food delivery apps,Dinner,Non Veg foods (Lunch / Dinner),2,5,49,72,2,Agree,Disagree,Disagree,Neutral,Neutral,Disagree,Agree,More than 60 minutes,Yes
CUS022,22,Male,Single,Student,Post Graduate,4,Food delivery apps,Snacks,Non Veg foods (Lunch / Dinner),3,1,81,30,1,Strongly agree,Agree,Neutral,Disagree,Agree,Strongly agree,Agree,45 minutes,Yes
CUS023,22,Female,Single,Student,Graduate,4,Food delivery apps,Dinner,Non Veg foods (Lunch / Dinner),4,4,26,20,1,Agree,Disagree,Strongly agree,Strongly disagree,Agree,Strongly agree,Agree,45 minutes,Yes
CUS024,23,Male,Single,Student,Graduate,4,Food delivery apps,Lunch,Veg foods (Breakfast / Lunch / Dinner),4,3,71,13,1,Agree,Neutral,Agree,Agree,Agree,Agree,Disagree,30 minutes,Yes
CUS025,21,Male,Single,Student,Post Graduate,3,Walk-in,Breakfast,Non Veg foods (Lunch / Dinner),1,3,115,40,1,Strongly agree,Strongly agree,Strongly agree,Agree,Strongly agree,Disagree,Strongly agree,45 minutes,Maybe
CUS026,25,Male,Single,Student,Post Graduate,3,Walk-in,Dinner,Veg foods (Breakfast / Lunch / Dinner),4,3,68,32,2,Agree,Neutral,Agree,Agree,Neutral,Neutral,Disagree,30 minutes,Yes
CUS027,22,Female,Single,Student,Post Graduate,5,Food delivery apps,Lunch,Non Veg foods (Lunch / Dinner),3,4,143,20,3,Agree,Disagree,Agree,Disagree,Agree,Neutral,Agree,45 minutes,Yes
CUS028,22,Male,Single,Student,Post Graduate,3,Food delivery apps,Snacks,Non Veg foods (Lunch / Dinner),1,2,151,45,2,Agree,Disagree,Strongly agree,Neutral,Agree,Neutral,Disagree,45 minutes,Yes
CUS029,23,Female,Single,Employee,Graduate,3,Walk-in,Snacks,Bakery items (snacks),3,2,135,63,3,Neutral,Neutral,Neutral,Disagree,Disagree,Disagree,Neutral,30 minutes,Maybe
CUS030,22,Male,Single,Student,Post Graduate,4,Walk-in,Snacks,Veg foods (Breakfast / Lunch / Dinner),3,1,43,22,3,Strongly disagree,Neutral,Neutral,Neutral,Agree,Neutral,Disagree,15 minutes,No
CUS031,22,Female,Single,Employee,Graduate,5,Food delivery apps,Lunch,Non Veg foods (Lunch / Dinner),2,4,190,31,1,Agree,Agree,Neutral,Disagree,Agree,Neutral,Agree,45 minutes,Yes
CUS032,22,Male,Single,Student,Post Graduate,4,Food delivery apps,Lunch,Non Veg foods (Lunch / Dinner),3,3,146,29,2,Agree,Neutral,Agree,Agree,Neutral,Neutral,Agree,30 minutes,Yes
CUS033,25,Male,Married,Employee,Ph.D,4,Food delivery apps,Lunch,Non Veg foods (Lunch / Dinner),3,2,252,31,1,Agree,Agree,Agree,Agree,Disagree,Neutral,Agree,30 minutes,Yes
CUS034,22,Female,Single,Student,Post Graduate,5,Walk-in,Dinner,Veg foods (Breakfast / Lunch / Dinner),2,2,137,24,1,Agree,Agree,Strongly agree,Agree,Agree,Neutral,Strongly agree,15 minutes,Yes
CUS035,22,Female,Single,Student,Post Graduate,2,Food delivery apps,Lunch,Veg foods (Breakfast / Lunch / Dinner),1,1,201,19,1,Strongly agree,Disagree,Agree,Strongly agree,Disagree,Strongly agree,Disagree,15 minutes,Yes
CUS036,25,Male,Single,Student,Post Graduate,3,Food delivery apps,Lunch,Non Veg foods (Lunch / Dinner),3,5,42,52,2,Agree,Strongly disagree,Disagree,Strongly disagree,Strongly disagree,Strongly disagree,Neutral,45 minutes,Yes
CUS037,25,Male,Single,Student,Post Graduate,5,Food delivery apps,Lunch,Veg foods (Breakfast / Lunch / Dinner),5,1,221,23,1,Strongly agree,Agree,Strongly agree,Strongly agree,Disagree,Neutral,Strongly agree,45 minutes,Maybe
CUS038,32,Female,Prefer not to say,House wife,Graduate,5,Food delivery apps,Breakfast,Non Veg foods (Lunch / Dinner),2,1,149,55,1,Agree,Agree,Disagree,Agree,Neutral,Agree,Disagree,60 minutes,Yes
CUS039,23,Female,Single,Student,Post Graduate,3,Food delivery apps,Snacks,Non Veg foods (Lunch / Dinner),1,3,94,18,3,Agree,Agree,Strongly agree,Agree,Neutral,Agree,Agree,45 minutes,Yes
CUS040,23,Female,Single,Student,Post Graduate,4,Walk-in,Breakfast,Non Veg foods (Lunch / Dinner),5,2,89,22,3,Agree,Agree,Neutral,Neutral,Neutral,Neutral,Agree,45 minutes,Yes
CUS041,30,Male,Married,Self Employeed,Uneducated,4,Food delivery apps,Lunch,Veg foods (Breakfast / Lunch / Dinner),4,4,114,48,3,Agree,Agree,Strongly agree,Agree,Strongly agree,Strongly agree,Neutral,More than 60 minutes,Yes
CUS042,23,Male,Single,Student,Graduate,3,Food delivery apps,Dinner,Non Veg foods (Lunch / Dinner),2,5,158,60,1,Agree,Agree,Agree,Agree,Neutral,Neutral,Agree,30 minutes,Yes
CUS043,23,Male,Single,Student,Post Graduate,4,Food delivery apps,Lunch,Veg foods (Breakfast / Lunch / Dinner),1,4,102,27,3,Agree,Strongly agree,Strongly agree,Disagree,Agree,Disagree,Agree,30 minutes,Yes
CUS044,22,Female,Single,Student,Post Graduate,5,Walk-in,Snacks,Non Veg foods (Lunch / Dinner),4,4,195,35,1,Agree,Strongly agree,Strongly agree,Neutral,Agree,Neutral,Disagree,30 minutes,Yes
CUS045,22,Male,Single,Student,Graduate,5,Food delivery apps,Lunch,Non Veg foods (Lunch / Dinner),4,1,49,62,1,Agree,Disagree,Disagree,Agree,Agree,Agree,Agree,30 minutes,Yes
CUS046,27,Female,Married,Self Employeed,Post Graduate,2,Food delivery apps,Breakfast,Non Veg foods (Lunch / Dinner),5,4,184,53,3,Strongly agree,Strongly agree,Strongly agree,Strongly agree,Strongly agree,Agree,Agree,30 minutes,No
CUS047,24,Female,Single,Student,Post Graduate,3,Food delivery apps,Dinner,Non Veg foods (Lunch / Dinner),2,3,147,13,2,Strongly agree,Neutral,Strongly agree,Neutral,Strongly agree,Agree,Agree,45 minutes,Yes
CUS048,23,Male,Single,Student,Post Graduate,2,Food delivery apps,Dinner,Non Veg foods (Lunch / Dinner),5,4,233,14,2,Neutral,Neutral,Disagree,Disagree,Agree,Neutral,Neutral,30 minutes,Yes
CUS049,23,Female,Single,Student,Graduate,5,Food delivery apps,Lunch,Veg foods (Breakfast / Lunch / Dinner),3,5,43,22,2,Strongly agree,Agree,Neutral,Agree,Agree,Neutral,Agree,45 minutes,Yes
CUS050,23,Female,Single,Student,Post Graduate,2,Food delivery apps,Lunch,Non Veg foods (Lunch / Dinner),2,5,255,16,2,Neutral,Neutral,Neutral,Neutral,Neutral,Neutral,Neutral,45 minutes,Maybe
CUS051,24,Male,Single,Student,Post Graduate,3,Food delivery apps,Snacks,Non Veg foods (Lunch / Dinner),4,2,77,30,2,Agree,Disagree,Agree,Agree,Strongly agree,Agree,Agree,30 minutes,Yes
CUS052,25,Male,Single,Student,Post Graduate,2,Walk-in,Lunch,Non Veg foods (Lunch / Dinner),5,3,30,35,3,Agree,Strongly disagree,Strongly disagree,Strongly disagree,Strongly disagree,Strongly disagree,Agree,30 minutes,Yes
CUS053,22,Male,Single,Student,Post Graduate,3,Food delivery apps,Lunch,Non Veg foods (Lunch / Dinner),1,2,182,38,1,Agree,Neutral,Neutral,Disagree,Neutral,Disagree,Agree,45 minutes,Yes
CUS054,28,Female,Married,Student,Graduate,2,Food delivery apps,Lunch,Veg foods (Breakfast / Lunch / Dinner),1,2,118,26,2,Strongly agree,Strongly agree,Neutral,Disagree,Strongly agree,Agree,Strongly agree,30 minutes,Yes
CUS055,22,Female,Single,Student,Post Graduate,1,Food delivery apps,Lunch,Non Veg foods (Lunch / Dinner),2,3,79,73,3,Agree,Strongly agree,Agree,Neutral,Agree,Neutral,Agree,60 minutes,Yes
CUS056,24,Female,Single,Student,Graduate,3,Food delivery apps,Lunch,Non Veg foods (Lunch / Dinner),3,1,173,47,1,Strongly agree,Agree,Agree,Strongly agree,Agree,Strongly agree,Agree,60 minutes,Yes
CUS057,31,Male,Married,Employee,Ph.D,5,Walk-in,Dinner,Non Veg foods (Lunch / Dinner),5,1,82,20,2,Strongly agree,Strongly agree,Agree,Neutral,Neutral,Disagree,Disagree,45 minutes,Maybe
CUS058,25,Male,Single,Student,Post Graduate,4,Food delivery apps,Snacks,Veg foods (Breakfast / Lunch / Dinner),2,3,76,35,1,Strongly agree,Disagree,Neutral,Strongly agree,Neutral,Disagree,Strongly agree,30 minutes,Yes
CUS059,23,Male,Single,Student,Post Graduate,5,Food delivery apps,Lunch,Non Veg foods (Lunch / Dinner),3,4,107,41,1,Strongly agree,Neutral,Neutral,Neutral,Strongly agree,Strongly agree,Strongly agree,60 minutes,Maybe
CUS060,22,Male,Single,Student,Post Graduate,3,Food delivery apps,Lunch,Non Veg foods (Lunch / Dinner),5,5,207,55,3,Agree,Agree,Neutral,Agree,Agree,Neutral,Agree,30 minutes,No
CUS061,23,Male,Single,Student,Post Graduate,1,Food delivery apps,Lunch,Non Veg foods (Lunch / Dinner),1,2,213,39,3,Neutral,Strongly disagree,Strongly disagree,Neutral,Neutral,Neutral,Strongly disagree,60 minutes,Yes
CUS062,23,Male,Single,Student,Graduate,4,Food delivery apps,Lunch,Non Veg foods (Lunch / Dinner),5,4,164,17,2,Strongly agree,Strongly agree,Strongly agree,Strongly agree,Strongly agree,Strongly agree,Strongly disagree,30 minutes,Yes
CUS063,23,Female,Single,Student,Post Graduate,2,Food delivery apps,Lunch,Non Veg foods (Lunch / Dinner),4,1,247,21,3,Strongly agree,Strongly agree,Strongly agree,Agree,Strongly agree,Neutral,Strongly agree,45 minutes,Yes
CUS064,25,Male,Single,Student,Post Graduate,6,Food delivery apps,Dinner,Non Veg foods (Lunch / Dinner),3,1,187,63,2,Agree,Agree,Agree,Strongly agree,Agree,Neutral,Neutral,60 minutes,Yes
CUS065,24,Male,Single,Employee,Graduate,4,Food delivery apps,Lunch,Non Veg foods (Lunch / Dinner),3,1,198,22,1,Neutral,Disagree,Neutral,Disagree,Disagree,Strongly disagree,Disagree,30 minutes,Yes
CUS066,23,Female,Single,Student,Post Graduate,4,Food delivery apps,Dinner,Non Veg foods (Lunch / Dinner),1,4,112,42,3,Strongly agree,Neutral,Disagree,Neutral,Strongly agree,Agree,Neutral,45 minutes,Yes
CUS067,24,Female,Married,Employee,Ph.D,4,Food delivery apps,Dinner,Veg foods (Breakfast / Lunch / Dinner),3,4,236,47,2,Strongly agree,Agree,Strongly agree,Agree,Strongly agree,Agree,Strongly agree,30 minutes,Yes
CUS068,22,Male,Single,Student,Graduate,4,Food delivery apps,Lunch,Non Veg foods (Lunch / Dinner),1,4,114,45,2,Disagree,Disagree,Neutral,Agree,Neutral,Agree,Disagree,30 minutes,Yes
CUS069,24,Female,Single,Student,Post Graduate,3,Food delivery apps,Dinner,Non Veg foods (Lunch / Dinner),3,3,158,35,3,Agree,Strongly agree,Agree,Neutral,Neutral,Disagree,Strongly agree,45 minutes,Yes
CUS070,25,Female,Single,Student,Post Graduate,3,Food delivery apps,Dinner,Non Veg foods (Lunch / Dinner),3,5,143,36,2,Agree,Agree,Agree,Neutral,Neutral,Disagree,Neutral,45 minutes,No
CUS071,23,Male,Single,Student,Post Graduate,2,Food delivery apps,Breakfast,Veg foods (Breakfast / Lunch / Dinner),4,3,256,50,1,Agree,Disagree,Neutral,Agree,Strongly agree,Agree,Strongly agree,30 minutes,No
CUS072,26,Male,Single,Student,Post Graduate,4,Walk-in,Dinner,Veg foods (Breakfast / Lunch / Dinner),5,1,199,16,3,Strongly agree,Strongly disagree,Neutral,Agree,Neutral,Strongly disagree,Strongly agree,30 minutes,No
CUS073,24,Female,Single,Student,Post Graduate,3,Walk-in,Dinner,Non Veg foods (Lunch / Dinner),1,4,219,45,2,Agree,Agree,Strongly agree,Neutral,Agree,Disagree,Neutral,45 minutes,Yes
CUS074,26,Male,Single,Student,Post Graduate,4,Food delivery apps,Lunch,Non Veg foods (Lunch / Dinner),2,3,43,29,3,Agree,Agree,Strongly agree,Agree,Agree,Agree,Agree,45 minutes,Yes
CUS075,22,Female,Single,Student,Post Graduate,3,Food delivery apps,Lunch,Non Veg foods (Lunch / Dinner),2,4,52,57,2,Strongly agree,Neutral,Neutral,Strongly disagree,Neutral,Neutral,Strongly agree,30 minutes,Yes
CUS076,24,Male,Single,Student,Post Graduate,5,Food delivery apps,Snacks,Veg foods (Breakfast / Lunch / Dinner),3,3,226,68,2,Agree,Neutral,Neutral,Neutral,Agree,Agree,Agree,More than 60 minutes,Maybe
CUS077,24,Male,Single,Student,Post Graduate,4,Food delivery apps,Lunch,Non Veg foods (Lunch / Dinner),3,3,168,24,3,Strongly agree,Agree,Agree,Neutral,Agree,Agree,Agree,45 minutes,Yes
CUS078,23,Female,Single,Student,Post Graduate,3,Food delivery apps,Dinner,Non Veg foods (Lunch / Dinner),3,3,244,42,3,Neutral,Disagree,Agree,Neutral,Neutral,Disagree,Disagree,45 minutes,Yes
CUS079,23,Male,Single,Student,Post Graduate,3,Food delivery apps,Lunch,Veg foods (Breakfast / Lunch / Dinner),5,1,208,27,3,Neutral,Strongly disagree,Strongly disagree,Disagree,Strongly disagree,Disagree,Neutral,45 minutes,Maybe
CUS080,22,Male,Single,Student,Post Graduate,3,Food delivery apps,Breakfast,Non Veg foods (Lunch / Dinner),1,2,200,42,1,Strongly agree,Neutral,Neutral,Neutral,Neutral,Agree,Strongly agree,60 minutes,Yes
CUS081,23,Male,Single,Student,Post Graduate,3,Food delivery apps,Dinner,Veg foods (Breakfast / Lunch / Dinner),5,5,172,26,1,Strongly agree,Neutral,Disagree,Agree,Agree,Agree,Strongly agree,30 minutes,Yes
CUS082,24,Female,Single,Student,Post Graduate,4,Food delivery apps,Lunch,Non Veg foods (Lunch / Dinner),2,2,90,40,2,Strongly agree,Neutral,Disagree,Neutral,Disagree,Neutral,Agree,45 minutes,Maybe
CUS083,25,Male,Single,Student,Graduate,1,Food delivery apps,Dinner,Non Veg foods (Lunch / Dinner),1,2,231,19,3,Agree,Strongly agree,Strongly agree,Strongly disagree,Strongly disagree,Disagree,Strongly agree,45 minutes,Yes
CUS084,28,Male,Married,Self Employeed,Graduate,2,Food delivery apps,Breakfast,Non Veg foods (Lunch / Dinner),3,4,224,50,1,Disagree,Strongly disagree,Disagree,Neutral,Strongly disagree,Disagree,Disagree,60 minutes,No
CUS085,27,Female,Prefer not to say,Employee,Post Graduate,5,Food delivery apps,Lunch,Non Veg foods (Lunch / Dinner),3,1,103,30,1,Agree,Agree,Agree,Agree,Strongly agree,Disagree,Strongly disagree,45 minutes,No
CUS086,26,Male,Single,Self Employeed,Ph.D,1,Food delivery apps,Lunch,Non Veg foods (Lunch / Dinner),2,2,137,62,2,Agree,Agree,Neutral,Agree,Agree,Agree,Neutral,More than 60 minutes,Yes
CUS087,22,Male,Single,Student,Post Graduate,2,Food delivery apps,Dinner,Non Veg foods (Lunch / Dinner),2,4,86,24,1,Agree,Strongly agree,Strongly agree,Strongly agree,Agree,Neutral,Neutral,15 minutes,Yes
CUS088,24,Female,Single,Student,Post Graduate,3,Food delivery apps,Breakfast,Non Veg foods (Lunch / Dinner),1,5,221,22,3,Strongly agree,Strongly agree,Strongly agree,Agree,Neutral,Strongly agree,Strongly agree,30 minutes,Yes
CUS089,23,Male,Single,Student,Post Graduate,1,Walk-in,Lunch,Non Veg foods (Lunch / Dinner),3,2,142,62,3,Neutral,Neutral,Strongly agree,Strongly agree,Agree,Strongly agree,Disagree,30 minutes,Yes
CUS090,26,Male,Married,Employee,Graduate,5,Food delivery apps,Lunch,Non Veg foods (Lunch / Dinner),5,4,149,61,2,Agree,Agree,Neutral,Neutral,Neutral,Disagree,Neutral,60 minutes,No
CUS091,32,Female,Married,House wife,Uneducated,3,Food delivery apps,Dinner,Veg foods (Breakfast / Lunch / Dinner),4,4,129,13,1,Strongly disagree,Strongly agree,Strongly agree,Strongly agree,Strongly disagree,Strongly agree,Disagree,30 minutes,Yes
CUS092,23,Male,Single,Student,Post Graduate,2,Food delivery apps,Breakfast,Veg foods (Breakfast / Lunch / Dinner),2,2,80,49,3,Strongly agree,Neutral,Agree,Agree,Agree,Neutral,Agree,45 minutes,Yes
CUS093,22,Female,Single,Employee,Graduate,3,Food delivery apps,Lunch,Non Veg foods (Lunch / Dinner),2,4,109,15,1,Strongly agree,Neutral,Strongly agree,Agree,Disagree,Disagree,Strongly agree,45 minutes,Yes
CUS094,24,Female,Single,Student,Ph.D,3,Food delivery apps,Lunch,Non Veg foods (Lunch / Dinner),4,1,64,55,2,Agree,Strongly disagree,Agree,Strongly agree,Agree,Agree,Neutral,30 minutes,Yes
CUS095,26,Male,Single,Employee,Graduate,2,Food delivery apps,Lunch,Non Veg foods (Lunch / Dinner),3,2,133,12,3,Agree,Strongly disagree,Neutral,Agree,Neutral,Disagree,Agree,15 minutes,No
CUS096,28,Male,Married,Employee,Graduate,3,Food delivery apps,Lunch,Veg foods (Breakfast / Lunch / Dinner),3,4,151,23,1,Neutral,Disagree,Agree,Agree,Neutral,Agree,Neutral,45 minutes,Yes
CUS097,26,Male,Single,Employee,Post Graduate,2,Food delivery apps,Dinner,Non Veg foods (Lunch / Dinner),1,4,224,49,2,Agree,Disagree,Strongly agree,Agree,Agree,Agree,Disagree,45 minutes,Yes
CUS098,25,Male,Single,Student,Post Graduate,1,Food delivery apps,Dinner,Non Veg foods (Lunch / Dinner),3,4,228,54,3,Strongly agree,Neutral,Strongly agree,Agree,Strongly agree,Strongly agree,Strongly agree,30 minutes,Yes
CUS099,25,Male,Single,Employee,Graduate,2,Food delivery apps,Lunch,Non Veg foods (Lunch / Dinner),2,1,86,43,2,Agree,Agree,Neutral,Agree,Agree,Neutral,Agree,30 minutes,No
CUS100,18,Male,Single,Student,Graduate,5,Food delivery apps,Snacks,Non Veg foods (Lunch / Dinner),1,4,33,19,1,Agree,Agree,Neutral,Agree,Disagree,Disagree,Agree,45 minutes,Yes
CUS101,21,Male,Single,Student,Post Graduate,4,Food delivery apps,Lunch,Non Veg foods (Lunch / Dinner),5,1,101,59,1,Strongly disagree,Neutral,Agree,Neutral,Neutral,Neutral,Disagree,30 minutes,Yes
CUS102,25,Male,Single,Student,Post Graduate,2,Walk-in,Dinner,Non Veg foods (Lunch / Dinner),2,2,48,13,1,Strongly agree,Neutral,Agree,Agree,Disagree,Neutral,Neutral,45 minutes,Yes
CUS103,23,Male,Single,Employee,Post Graduate,2,Food delivery apps,Lunch,Veg foods (Breakfast / Lunch / Dinner),3,3,210,59,1,Agree,Agree,Neutral,Disagree,Neutral,Disagree,Agree,30 minutes,Yes
CUS104,25,Female,Married,Employee,Graduate,4,Food delivery apps,Dinner,Non Veg foods (Lunch / Dinner),2,2,188,29,1,Disagree,Agree,Agree,Strongly agree,Strongly agree,Neutral,Disagree,15 minutes,Yes
CUS105,31,Female,Married,House wife,School,5,Food delivery apps,Breakfast,Non Veg foods (Lunch / Dinner),1,3,24,33,1,Agree,Agree,Agree,Disagree,Disagree,Disagree,Agree,45 minutes,Yes
CUS106,24,Male,Prefer not to say,Self Employeed,Ph.D,2,Food delivery apps,Lunch,Non Veg foods (Lunch / Dinner),2,1,127,24,1,Disagree,Agree,Agree,Strongly agree,Strongly agree,Strongly agree,Disagree,15 minutes,Yes
CUS107,32,Female,Married,Employee,Graduate,5,Food delivery apps,Breakfast,Non Veg foods (Lunch / Dinner),4,2,216,66,2,Strongly agree,Agree,Disagree,Neutral,Neutral,Disagree,Agree,60 minutes,Yes
CUS108,25,Male,Single,Employee,Graduate,3,Food delivery apps,Breakfast,Non Veg foods (Lunch / Dinner),2,1,210,32,2,Agree,Disagree,Disagree,Agree,Disagree,Neutral,Neutral,45 minutes,Yes
CUS109,27,Female,Married,Self Employeed,Graduate,5,Food delivery apps,Lunch,Non Veg foods (Lunch / Dinner),3,5,109,31,3,Disagree,Agree,Strongly agree,Agree,Strongly agree,Neutral,Disagree,30 minutes,Yes
CUS110,26,Male,Single,Self Employeed,Graduate,3,Food delivery apps,Lunch,Non Veg foods (Lunch / Dinner),5,2,247,49,2,Agree,Disagree,Disagree,Agree,Strongly disagree,Strongly disagree,Strongly agree,More than 60 minutes,No
CUS111,26,Female,Single,Self Employeed,Post Graduate,3,Food delivery apps,Lunch,Non Veg foods (Lunch / Dinner),5,3,138,53,3,Agree,Disagree,Disagree,Disagree,Disagree,Disagree,Agree,30 minutes,Yes
CUS112,32,Male,Married,Employee,Ph.D,5,Food delivery apps,Lunch,Non Veg foods (Lunch / Dinner),2,5,219,29,3,Agree,Agree,Strongly agree,Agree,Strongly agree,Disagree,Strongly agree,45 minutes,Yes
CUS113,24,Male,Married,Self Employeed,Ph.D,6,Food delivery apps,Dinner,Veg foods (Breakfast / Lunch / Dinner),2,5,60,45,2,Disagree,Agree,Strongly agree,Strongly agree,Strongly agree,Agree,Strongly disagree,30 minutes,Yes
CUS114,27,Female,Married,Self Employeed,Graduate,3,Food delivery apps,Breakfast,Non Veg foods (Lunch / Dinner),3,2,116,22,2,Agree,Disagree,Disagree,Agree,Disagree,Disagree,Agree,30 minutes,Yes
CUS115,23,Male,Single,Student,Post Graduate,3,Food delivery apps,Dinner,Non Veg foods (Lunch / Dinner),3,3,203,52,3,Agree,Agree,Agree,Agree,Neutral,Neutral,Neutral,30 minutes,No
CUS116,25,Male,Single,Student,Post Graduate,4,Food delivery apps,Lunch,Non Veg foods (Lunch / Dinner),4,2,165,46,1,Strongly agree,Disagree,Disagree,Agree,Disagree,Disagree,Strongly agree,30 minutes,Yes
CUS117,28,Male,Married,Employee,Post Graduate,3,Food delivery apps,Snacks,Non Veg foods (Lunch / Dinner),3,2,212,59,1,Agree,Strongly disagree,Disagree,Agree,Disagree,Strongly disagree,Strongly agree,60 minutes,No
CUS118,32,Female,Married,Employee,Graduate,1,Food delivery apps,Breakfast,Non Veg foods (Lunch / Dinner),4,1,125,34,2,Agree,Disagree,Disagree,Agree,Agree,Strongly agree,Strongly agree,30 minutes,Yes
CUS119,23,Male,Single,Student,Post Graduate,2,Food delivery apps,Breakfast,Non Veg foods (Lunch / Dinner),3,2,101,53,1,Agree,Agree,Strongly agree,Agree,Agree,Disagree,Strongly agree,30 minutes,Yes
CUS120,19,Male,Single,Student,Graduate,2,Food delivery apps,Snacks,Non Veg foods (Lunch / Dinner),3,4,202,23,2,Agree,Disagree,Strongly disagree,Agree,Disagree,Agree,Disagree,15 minutes,No
CUS121,19,Female,Single,Student,Graduate,4,Food delivery apps,Dinner,Non Veg foods (Lunch / Dinner),5,4,166,28,2,Strongly agree,Neutral,Agree,Agree,Neutral,Agree,Strongly agree,45 minutes,Yes
CUS122,27,Female,Married,Employee,Post Graduate,2,Food delivery apps,Lunch,Veg foods (Breakfast / Lunch / Dinner),5,3,212,58,1,Agree,Neutral,Strongly agree,Agree,Neutral,Agree,Neutral,30 minutes,Yes
CUS123,25,Male,Single,Self Employeed,Graduate,3,Food delivery apps,Dinner,Non Veg foods (Lunch / Dinner),1,3,235,46,3,Agree,Disagree,Strongly disagree,Disagree,Strongly disagree,Disagree,Agree,30 minutes,Yes
CUS124,33,Male,Married,Employee,Ph.D,5,Food delivery apps,Snacks,Non Veg foods (Lunch / Dinner),5,2,126,47,3,Agree,Agree,Strongly agree,Strongly agree,Strongly agree,Strongly agree,Disagree,30 minutes,Yes
CUS125,26,Female,Single,Employee,Graduate,3,Food delivery apps,Breakfast,Non Veg foods (Lunch / Dinner),3,2,28,18,3,Agree,Disagree,Disagree,Agree,Disagree,Neutral,Strongly agree,45 minutes,No
CUS126,22,Female,Single,Student,Post Graduate,4,Food delivery apps,Lunch,Non Veg foods (Lunch / Dinner),5,2,58,40,2,Strongly agree,Agree,Neutral,Agree,Agree,Agree,Agree,45 minutes,Yes
CUS127,23,Male,Single,Student,Post Graduate,3,Food delivery apps,Lunch,Veg foods (Breakfast / Lunch / Dinner),3,4,159,32,3,Agree,Agree,Strongly agree,Agree,Agree,Agree,Agree,30 minutes,Yes
CUS128,22,Female,Single,Student,Graduate,3,Food delivery apps,Snacks,Veg foods (Breakfast / Lunch / Dinner),5,5,216,39,1,Strongly agree,Strongly agree,Agree,Disagree,Neutral,Disagree,Strongly agree,45 minutes,Yes
CUS129,25,Male,Married,Employee,Graduate,2,Food delivery apps,Breakfast,Non Veg foods (Lunch / Dinner),3,1,184,51,2,Disagree,Agree,Strongly agree,Agree,Strongly agree,Agree,Neutral,45 minutes,Maybe
CUS130,30,Female,Married,House wife,School,5,Food delivery apps,Snacks,Non Veg foods (Lunch / Dinner),4,1,151,55,2,Agree,Agree,Disagree,Disagree,Disagree,Disagree,Strongly agree,30 minutes,No
CUS131,24,Male,Single,Student,Post Graduate,3,Food delivery apps,Snacks,Non Veg foods (Lunch / Dinner),5,1,194,11,3,Disagree,Agree,Strongly agree,Strongly agree,Strongly agree,Strongly agree,Disagree,15 minutes,Yes
CUS132,25,Male,Single,Employee,Post Graduate,3,Food delivery apps,Breakfast,Non Veg foods (Lunch / Dinner),3,3,150,52,3,Agree,Disagree,Disagree,Agree,Disagree,Disagree,Strongly agree,45 minutes,No
CUS133,23,Male,Single,Student,Post Graduate,3,Food delivery apps,Snacks,Non Veg foods (Lunch / Dinner),3,4,122,31,3,Strongly agree,Agree,Neutral,Disagree,Neutral,Neutral,Strongly agree,45 minutes,Yes
CUS134,24,Female,Single,Student,Post Graduate,4,Food delivery apps,Lunch,Veg foods (Breakfast / Lunch / Dinner),2,4,110,58,1,Agree,Neutral,Strongly agree,Neutral,Strongly agree,Agree,Neutral,30 minutes,No
CUS135,32,Male,Married,Employee,Graduate,4,Food delivery apps,Snacks,Non Veg foods (Lunch / Dinner),2,4,175,39,3,Agree,Agree,Agree,Agree,Neutral,Neutral,Agree,30 minutes,Yes
CUS136,22,Male,Single,Student,Post Graduate,4,Food delivery apps,Dinner,Non Veg foods (Lunch / Dinner),2,2,242,54,3,Neutral,Disagree,Neutral,Agree,Disagree,Neutral,Agree,30 minutes,Yes
CUS137,20,Male,Single,Student,Graduate,2,Food delivery apps,Breakfast,Non Veg foods (Lunch / Dinner),1,4,48,30,3,Agree,Neutral,Disagree,Agree,Disagree,Disagree,Strongly agree,30 minutes,Yes
CUS138,21,Male,Single,Student,Graduate,2,Food delivery apps,Breakfast,Non Veg foods (Lunch / Dinner),3,1,128,42,3,Agree,Disagree,Strongly disagree,Disagree,Strongly disagree,Disagree,Strongly agree,30 minutes,Yes
CUS139,24,Female,Married,Self Employeed,Graduate,5,Food delivery apps,Lunch,Non Veg foods (Lunch / Dinner),3,1,172,18,1,Agree,Agree,Agree,Strongly agree,Agree,Strongly agree,Disagree,45 minutes,Yes
CUS140,25,Male,Single,Employee,Post Graduate,3,Food delivery apps,Snacks,Non Veg foods (Lunch / Dinner),1,5,235,22,2,Agree,Disagree,Disagree,Agree,Disagree,Disagree,Strongly agree,30 minutes,Yes
CUS141,32,Female,Married,House wife,Graduate,3,Direct call,Snacks,Non Veg foods (Lunch / Dinner),4,4,237,64,2,Agree,Agree,Agree,Disagree,Agree,Disagree,Agree,60 minutes,Yes
CUS142,27,Male,Married,Employee,Ph.D,5,Food delivery apps,Dinner,Non Veg foods (Lunch / Dinner),3,4,169,12,3,Agree,Agree,Agree,Strongly agree,Strongly agree,Agree,Neutral,15 minutes,Yes
CUS143,20,Female,Single,Student,Graduate,2,Food delivery apps,Dinner,Non Veg foods (Lunch / Dinner),3,1,48,40,2,Strongly agree,Disagree,Agree,Disagree,Disagree,Disagree,Strongly agree,45 minutes,Yes
CUS144,21,Male,Single,Student,Graduate,2,Food delivery apps,Breakfast,Non Veg foods (Lunch / Dinner),1,1,98,26,2,Agree,Disagree,Strongly disagree,Neutral,Strongly disagree,Strongly disagree,Strongly agree,45 minutes,Yes
CUS145,26,Male,Single,Employee,Post Graduate,3,Food delivery apps,Dinner,Non Veg foods (Lunch / Dinner),4,3,201,25,3,Disagree,Agree,Strongly agree,Strongly agree,Strongly agree,Strongly agree,Disagree,15 minutes,Yes
CUS146,25,Male,Single,Employee,Graduate,4,Food delivery apps,Lunch,Non Veg foods (Lunch / Dinner),4,4,56,53,2,Strongly agree,Agree,Neutral,Strongly agree,Disagree,Neutral,Strongly agree,45 minutes,Yes
CUS147,26,Male,Single,Employee,Post Graduate,3,Food delivery apps,Dinner,Non Veg foods (Lunch / Dinner),2,1,250,50,3,Agree,Disagree,Strongly disagree,Neutral,Disagree,Strongly disagree,Strongly agree,More than 60 minutes,No
CUS148,26,Female,Married,Employee,Graduate,3,Food delivery apps,Breakfast,Non Veg foods (Lunch / Dinner),2,5,61,15,1,Agree,Agree,Agree,Disagree,Disagree,Disagree,Agree,30 minutes,Yes
CUS149,27,Male,Single,Employee,Ph.D,4,Food delivery apps,Lunch,Non Veg foods (Lunch / Dinner),1,4,140,17,3,Agree,Neutral,Agree,Disagree,Agree,Neutral,Agree,15 minutes,Maybe
CUS150,27,Female,Single,Student,Ph.D,5,Food delivery apps,Breakfast,Non Veg foods (Lunch / Dinner),5,5,78,23,1,Disagree,Agree,Neutral,Agree,Agree,Agree,Strongly disagree,15 minutes,Yes
CUS151,24,Female,Single,Student,Post Graduate,5,Food delivery apps,Breakfast,Veg foods (Breakfast / Lunch / Dinner),2,2,248,26,1,Agree,Agree,Agree,Disagree,Strongly agree,Strongly agree,Disagree,45 minutes,Yes
CUS152,25,Male,Married,Self Employeed,School,2,Food delivery apps,Snacks,Non Veg foods (Lunch / Dinner),2,5,197,36,1,Agree,Disagree,Disagree,Neutral,Disagree,Disagree,Strongly agree,45 minutes,Yes
CUS153,20,Male,Single,Student,Graduate,2,Food delivery apps,Snacks,Non Veg foods (Lunch / Dinner),4,2,33,10,1,Disagree,Agree,Agree,Agree,Neutral,Agree,Disagree,15 minutes,Yes
CUS154,22,Male,Single,Student,Post Graduate,1,Food delivery apps,Dinner,Non Veg foods (Lunch / Dinner),4,4,104,72,1,Agree,Disagree,Disagree,Strongly disagree,Disagree,Disagree,Agree,More than 60 minutes,Maybe
CUS155,26,Female,Married,Student,Ph.D,3,Food delivery apps,Snacks,Non Veg foods (Lunch / Dinner),5,2,137,63,1,Agree,Disagree,Disagree,Neutral,Disagree,Disagree,Neutral,30 minutes,Yes
CUS156,27,Male,Prefer not to say,Employee,Post Graduate,1,Food delivery apps,Breakfast,Non Veg foods (Lunch / Dinner),4,2,134,21,1,Agree,Disagree,Disagree,Disagree,Disagree,Disagree,Agree,45 minutes,Yes
CUS157,25,Female,Single,Student,Post Graduate,3,Food delivery apps,Breakfast,Non Veg foods (Lunch / Dinner),2,4,201,15,3,Agree,Disagree,Strongly disagree,Disagree,Disagree,Disagree,Strongly agree,30 minutes,Maybe
CUS158,24,Male,Single,Employee,Graduate,2,Food delivery apps,Snacks,Non Veg foods (Lunch / Dinner),3,1,62,12,2,Agree,Disagree,Disagree,Disagree,Disagree,Strongly disagree,Strongly agree,30 minutes,Yes
CUS159,23,Female,Single,Employee,Graduate,6,Food delivery apps,Snacks,Non Veg foods (Lunch / Dinner),3,2,78,47,2,Agree,Disagree,Disagree,Strongly disagree,Disagree,Disagree,Agree,45 minutes,Yes
CUS160,22,Male,Single,Student,Graduate,2,Food delivery apps,Dinner,Non Veg foods (Lunch / Dinner),3,5,126,42,1,Disagree,Agree,Agree,Strongly agree,Agree,Agree,Disagree,45 minutes,Yes
CUS161,26,Male,Married,Self Employeed,Post Graduate,3,Food delivery apps,Snacks,Non Veg foods (Lunch / Dinner),1,1,85,51,1,Strongly disagree,Agree,Strongly agree,Agree,Agree,Disagree,Disagree,60 minutes,No
CUS162,26,Male,Single,Employee,Post Graduate,1,Food delivery apps,Dinner,Non Veg foods (Lunch / Dinner),3,3,179,50,3,Agree,Disagree,Disagree,Disagree,Strongly disagree,Neutral,Agree,30 minutes,Yes
CUS163,25,Female,Married,Self Employeed,Post Graduate,3,Food delivery apps,Snacks,Non Veg foods (Lunch / Dinner),5,2,26,12,2,Disagree,Disagree,Disagree,Neutral,Agree,Agree,Disagree,30 minutes,Yes
CUS164,29,Female,Married,Employee,Graduate,3,Food delivery apps,Breakfast,Non Veg foods (Lunch / Dinner),3,4,55,37,1,Neutral,Agree,Agree,Agree,Neutral,Agree,Disagree,45 minutes,Yes
CUS165,23,Male,Single,Student,Graduate,3,Direct call,Dinner,Veg foods (Breakfast / Lunch / Dinner),1,1,105,28,1,Agree,Agree,Agree,Agree,Agree,Agree,Agree,45 minutes,Maybe
CUS166,22,Female,Single,Employee,Graduate,4,Food delivery apps,Lunch,Non Veg foods (Lunch / Dinner),5,5,198,22,2,Agree,Agree,Strongly agree,Neutral,Agree,Neutral,Agree,45 minutes,Yes
CUS167,22,Male,Single,Student,Graduate,2,Food delivery apps,Breakfast,Non Veg foods (Lunch / Dinner),4,2,122,14,2,Disagree,Agree,Agree,Strongly agree,Agree,Agree,Neutral,15 minutes,Yes
CUS168,32,Female,Married,House wife,School,5,Food delivery apps,Snacks,Non Veg foods (Lunch / Dinner),2,5,72,63,2,Agree,Agree,Agree,Disagree,Disagree,Disagree,Strongly agree,60 minutes,Yes
CUS169,28,Male,Married,Employee,Post Graduate,1,Food delivery apps,Breakfast,Non Veg foods (Lunch / Dinner),1,2,214,41,1,Agree,Disagree,Disagree,Disagree,Neutral,Disagree,Agree,45 minutes,Yes
CUS170,22,Male,Single,Student,Post Graduate,2,Food delivery apps,Lunch,Non Veg foods (Lunch / Dinner),4,5,254,31,2,Agree,Neutral,Agree,Agree,Strongly agree,Agree,Agree,30 minutes,Yes
CUS171,25,Male,Single,Employee,Graduate,2,Food delivery apps,Lunch,Non Veg foods (Lunch / Dinner),1,2,88,74,3,Agree,Agree,Agree,Agree,Strongly agree,Agree,Neutral,60 minutes,Yes
CUS172,26,Female,Married,Employee,Post Graduate,2,Food delivery apps,Dinner,Veg foods (Breakfast / Lunch / Dinner),5,2,34,21,1,Disagree,Agree,Agree,Agree,Strongly agree,Agree,Neutral,30 minutes,No
CUS173,31,Male,Married,Self Employeed,School,6,Food delivery apps,Snacks,Non Veg foods (Lunch / Dinner),2,4,218,48,1,Disagree,Agree,Agree,Agree,Agree,Agree,Agree,45 minutes,Yes
CUS174,24,Male,Single,Student,Post Graduate,3,Food delivery apps,Breakfast,Non Veg foods (Lunch / Dinner),2,3,66,17,1,Agree,Disagree,Disagree,Disagree,Disagree,Strongly disagree,Agree,45 minutes,No
CUS175,24,Male,Single,Employee,Post Graduate,2,Food delivery apps,Snacks,Veg foods (Breakfast / Lunch / Dinner),4,1,93,60,3,Agree,Disagree,Neutral,Disagree,Neutral,Disagree,Agree,30 minutes,Yes
CUS176,31,Female,Married,Employee,Ph.D,5,Food delivery apps,Breakfast,Non Veg foods (Lunch / Dinner),4,5,94,59,2,Agree,Disagree,Neutral,Disagree,Neutral,Neutral,Strongly agree,60 minutes,No
CUS177,26,Male,Single,Employee,Graduate,2,Food delivery apps,Lunch,Veg foods (Breakfast / Lunch / Dinner),3,4,29,23,1,Disagree,Agree,Agree,Strongly agree,Agree,Agree,Strongly disagree,45 minutes,Maybe
CUS178,24,Female,Married,Self Employeed,Graduate,2,Food delivery apps,Breakfast,Non Veg foods (Lunch / Dinner),3,2,51,65,1,Agree,Disagree,Disagree,Disagree,Strongly disagree,Strongly disagree,Agree,More than 60 minutes,Yes
CUS179,22,Female,Single,Student,Graduate,3,Food delivery apps,Breakfast,Non Veg foods (Lunch / Dinner),3,2,67,13,3,Agree,Strongly disagree,Strongly disagree,Strongly disagree,Strongly disagree,Strongly disagree,Agree,30 minutes,Yes
CUS180,19,Male,Single,Student,Graduate,6,Food delivery apps,Snacks,Non Veg foods (Lunch / Dinner),5,3,82,30,1,Agree,Agree,Disagree,Disagree,Neutral,Disagree,Strongly agree,15 minutes,Yes
CUS181,25,Male,Married,Employee,Post Graduate,6,Food delivery apps,Snacks,Non Veg foods (Lunch / Dinner),3,1,111,19,2,Agree,Disagree,Agree,Agree,Disagree,Disagree,Neutral,45 minutes,Yes
CUS182,23,Female,Married,House wife,School,6,Food delivery apps,Snacks,Non Veg foods (Lunch / Dinner),5,5,252,64,3,Agree,Agree,Agree,Agree,Disagree,Disagree,Agree,More than 60 minutes,No
CUS183,23,Female,Single,Student,Graduate,2,Food delivery apps,Snacks,Non Veg foods (Lunch / Dinner),4,4,36,44,1,Disagree,Agree,Agree,Strongly agree,Agree,Strongly agree,Disagree,30 minutes,Yes
CUS184,23,Male,Single,Student,Post Graduate,2,Food delivery apps,Breakfast,Non Veg foods (Lunch / Dinner),3,4,28,26,1,Agree,Disagree,Disagree,Agree,Disagree,Neutral,Agree,45 minutes,Yes
CUS185,24,Male,Single,Student,Post Graduate,5,Food delivery apps,Breakfast,Veg foods (Breakfast / Lunch / Dinner),4,3,23,61,3,Strongly agree,Disagree,Agree,Disagree,Disagree,Disagree,Neutral,30 minutes,Yes
CUS186,22,Female,Single,Employee,Graduate,4,Food delivery apps,Lunch,Non Veg foods (Lunch / Dinner),2,4,98,52,3,Strongly agree,Agree,Strongly agree,Neutral,Strongly agree,Agree,Agree,45 minutes,Yes
CUS187,26,Male,Married,Employee,Graduate,4,Food delivery apps,Snacks,Non Veg foods (Lunch / Dinner),5,1,57,15,1,Agree,Disagree,Disagree,Strongly disagree,Disagree,Disagree,Strongly agree,45 minutes,Yes
CUS188,25,Female,Single,Student,Ph.D,3,Food delivery apps,Snacks,Non Veg foods (Lunch / Dinner),5,2,63,16,3,Agree,Disagree,Disagree,Strongly disagree,Disagree,Strongly disagree,Strongly agree,45 minutes,No
CUS189,20,Male,Single,Student,Graduate,2,Food delivery apps,Lunch,Non Veg foods (Lunch / Dinner),3,2,89,38,2,Agree,Disagree,Disagree,Agree,Disagree,Disagree,Strongly agree,45 minutes,Yes
CUS190,29,Male,Married,Employee,Graduate,4,Food delivery apps,Dinner,Non Veg foods (Lunch / Dinner),3,1,151,10,2,Disagree,Agree,Strongly agree,Disagree,Neutral,Agree,Strongly disagree,15 minutes,Maybe
CUS191,23,Female,Single,Student,Graduate,1,Food delivery apps,Breakfast,Non Veg foods (Lunch / Dinner),4,3,243,17,1,Strongly disagree,Disagree,Disagree,Strongly disagree,Strongly disagree,Strongly disagree,Strongly disagree,15 minutes,No
CUS192,25,Male,Single,Self Employeed,Graduate,2,Food delivery apps,Snacks,Non Veg foods (Lunch / Dinner),3,3,87,26,1,Agree,Agree,Agree,Neutral,Disagree,Disagree,Agree,30 minutes,Yes
CUS193,29,Female,Married,Employee,Graduate,4,Food delivery apps,Lunch,Veg foods (Breakfast / Lunch / Dinner),5,5,205,23,1,Disagree,Agree,Agree,Agree,Agree,Disagree,Strongly disagree,15 minutes,Yes
CUS194,27,Male,Married,Self Employeed,Graduate,6,Food delivery apps,Snacks,Non Veg foods (Lunch / Dinner),1,3,190,63,2,Agree,Agree,Agree,Agree,Strongly agree,Agree,Agree,60 minutes,Yes
CUS195,25,Male,Single,Self Employeed,Graduate,3,Food delivery apps,Snacks,Non Veg foods (Lunch / Dinner),5,4,34,58,3,Agree,Disagree,Disagree,Strongly disagree,Disagree,Disagree,Agree,60 minutes,No
CUS196,21,Male,Single,Student,Graduate,2,Food delivery apps,Dinner,Non Veg foods (Lunch / Dinner),2,1,91,59,2,Disagree,Agree,Agree,Agree,Agree,Agree,Neutral,30 minutes,Yes
CUS197,23,Male,Single,Student,Graduate,3,Food delivery apps,Breakfast,Veg foods (Breakfast / Lunch / Dinner),3,2,85,57,2,Agree,Disagree,Disagree,Disagree,Neutral,Agree,Strongly agree,30 minutes,Yes
CUS198,24,Female,Single,Employee,Post Graduate,4,Food delivery apps,Snacks,Veg foods (Breakfast / Lunch / Dinner),4,2,202,48,3,Agree,Agree,Agree,Neutral,Neutral,Neutral,Disagree,45 minutes,Yes
CUS199,32,Male,Married,Self Employeed,School,3,Food delivery apps,Dinner,Non Veg foods (Lunch / Dinner),3,3,182,55,2,Agree,Disagree,Neutral,Neutral,Neutral,Neutral,Neutral,45 minutes,No
CUS200,28,Male,Married,Employee,Post Graduate,5,Food delivery apps,Snacks,Non Veg foods (Lunch / Dinner),5,2,124,17,2,Agree,Disagree,Disagree,Agree,Disagree,Agree,Agree,45 minutes,No
CUS201,26,Male,Single,Employee,Graduate,2,Food delivery apps,Snacks,Non Veg foods (Lunch / Dinner),4,1,159,50,2,Agree,Disagree,Disagree,Neutral,Neutral,Disagree,Neutral,30 minutes,Yes
CUS202,31,Female,Married,House wife,Graduate,5,Food delivery apps,Lunch,Non Veg foods (Lunch / Dinner),3,3,220,64,1,Agree,Agree,Agree,Disagree,Neutral,Disagree,Neutral,60 minutes,Yes
CUS203,27,Female,Married,Self Employeed,Graduate,3,Food delivery apps,Dinner,Non Veg foods (Lunch / Dinner),2,3,49,50,3,Agree,Disagree,Disagree,Neutral,Disagree,Neutral,Agree,45 minutes,No
CUS204,21,Female,Single,Student,Post Graduate,1,Food delivery apps,Lunch,Non Veg foods (Lunch / Dinner),1,5,112,58,1,Agree,Strongly disagree,Disagree,Neutral,Neutral,Agree,Neutral,30 minutes,Maybe
CUS205,23,Female,Single,Student,Graduate,2,Food delivery apps,Snacks,Non Veg foods (Lunch / Dinner),4,4,239,14,1,Agree,Disagree,Neutral,Agree,Agree,Neutral,Disagree,45 minutes,Yes
CUS206,26,Male,Married,Employee,Graduate,4,Food delivery apps,Snacks,Non Veg foods (Lunch / Dinner),3,5,65,56,1,Agree,Disagree,Disagree,Agree,Neutral,Disagree,Neutral,45 minutes,Yes
CUS207,32,Male,Married,Employee,Graduate,5,Web browser,Snacks,Non Veg foods (Lunch / Dinner),2,4,132,21,2,Agree,Disagree,Disagree,Agree,Neutral,Neutral,Agree,30 minutes,No
CUS208,25,Female,Married,Student,Post Graduate,2,Food delivery apps,Snacks,Sweets,5,3,72,31,2,Agree,Disagree,Neutral,Agree,Disagree,Disagree,Neutral,45 minutes,Yes
CUS209,28,Male,Single,Self Employeed,Post Graduate,2,Food delivery apps,Dinner,Non Veg foods (Lunch / Dinner),4,4,61,28,3,Agree,Agree,Disagree,Agree,Disagree,Disagree,Strongly agree,45 minutes,Maybe
CUS210,21,Female,Single,Student,Post Graduate,3,Food delivery apps,Breakfast,Non Veg foods (Lunch / Dinner),1,4,228,39,3,Agree,Agree,Agree,Disagree,Disagree,Disagree,Agree,30 minutes,Yes
CUS211,24,Male,Single,Student,Post Graduate,2,Food delivery apps,Lunch,Non Veg foods (Lunch / Dinner),4,5,189,28,2,Agree,Disagree,Disagree,Agree,Disagree,Disagree,Neutral,30 minutes,Yes
CUS212,26,Female,Married,Self Employeed,Graduate,5,Food delivery apps,Dinner,Veg foods (Breakfast / Lunch / Dinner),4,4,145,25,1,Disagree,Agree,Agree,Agree,Neutral,Neutral,Disagree,45 minutes,Maybe
CUS213,32,Male,Married,Employee,Graduate,3,Food delivery apps,Snacks,Non Veg foods (Lunch / Dinner),1,4,243,16,3,Agree,Disagree,Disagree,Neutral,Agree,Agree,Agree,30 minutes,Yes
CUS214,29,Male,Single,Self Employeed,Graduate,6,Food delivery apps,Snacks,Non Veg foods (Lunch / Dinner),1,1,46,56,3,Agree,Disagree,Disagree,Disagree,Neutral,Disagree,Agree,More than 60 minutes,No
CUS215,21,Male,Single,Student,Graduate,5,Food delivery apps,Lunch,Non Veg foods (Lunch / Dinner),1,3,96,23,3,Agree,Agree,Neutral,Agree,Agree,Disagree,Strongly agree,45 minutes,Yes
CUS216,24,Female,Single,Self Employeed,Post Graduate,3,Food delivery apps,Dinner,Veg foods (Breakfast / Lunch / Dinner),1,4,137,45,3,Disagree,Agree,Disagree,Disagree,Disagree,Disagree,Agree,30 minutes,Maybe
CUS217,26,Male,Prefer not to say,Self Employeed,Post Graduate,2,Food delivery apps,Snacks,Non Veg foods (Lunch / Dinner),2,4,104,29,1,Agree,Disagree,Disagree,Disagree,Disagree,Disagree,Strongly agree,30 minutes,No
CUS218,25,Male,Married,Employee,Ph.D,3,Food delivery apps,Lunch,Non Veg foods (Lunch / Dinner),3,3,61,56,1,Agree,Neutral,Disagree,Disagree,Disagree,Neutral,Neutral,30 minutes,Yes
CUS219,29,Male,Single,Employee,Graduate,3,Food delivery apps,Dinner,Non Veg foods (Lunch / Dinner),4,1,203,52,3,Disagree,Agree,Neutral,Agree,Neutral,Agree,Disagree,45 minutes,Yes
CUS220,22,Male,Single,Student,Graduate,3,Food delivery apps,Snacks,Non Veg foods (Lunch / Dinner),1,2,141,48,2,Agree,Agree,Strongly agree,Agree,Agree,Strongly agree,Neutral,30 minutes,Yes
CUS221,24,Male,Single,Student,Graduate,2,Direct call,Snacks,Non Veg foods (Lunch / Dinner),4,1,228,41,2,Strongly agree,Strongly disagree,Disagree,Neutral,Disagree,Disagree,Neutral,30 minutes,Yes
CUS222,27,Male,Married,Employee,Graduate,2,Food delivery apps,Snacks,Non Veg foods (Lunch / Dinner),4,3,226,46,2,Agree,Disagree,Disagree,Agree,Disagree,Disagree,Strongly agree,30 minutes,Yes
CUS223,23,Female,Single,Student,Post Graduate,3,Food delivery apps,Snacks,Veg foods (Breakfast / Lunch / Dinner),5,2,244,18,2,Disagree,Agree,Agree,Agree,Agree,Neutral,Disagree,15 minutes,Maybe
CUS224,32,Male,Married,Employee,Post Graduate,6,Food delivery apps,Lunch,Non Veg foods (Lunch / Dinner),3,5,76,17,2,Agree,Agree,Agree,Disagree,Neutral,Disagree,Neutral,45 minutes,Yes
CUS225,22,Female,Single,Student,Graduate,2,Food delivery apps,Breakfast,Non Veg foods (Lunch / Dinner),5,3,93,59,3,Agree,Disagree,Disagree,Strongly disagree,Strongly disagree,Strongly disagree,Strongly agree,More than 60 minutes,Maybe
CUS226,28,Male,Married,Employee,Graduate,3,Food delivery apps,Snacks,Non Veg foods (Lunch / Dinner),3,4,53,71,1,Agree,Disagree,Disagree,Strongly disagree,Disagree,Disagree,Agree,60 minutes,Yes
CUS227,23,Female,Single,Student,Post Graduate,2,Food delivery apps,Dinner,Non Veg foods (Lunch / Dinner),4,5,144,30,2,Agree,Neutral,Neutral,Neutral,Disagree,Disagree,Agree,30 minutes,Yes
CUS228,30,Male,Married,Self Employeed,Graduate,1,Food delivery apps,Snacks,Non Veg foods (Lunch / Dinner),3,3,116,18,1,Neutral,Disagree,Agree,Agree,Disagree,Agree,Disagree,15 minutes,Yes
CUS229,21,Male,Single,Student,Graduate,3,Food delivery apps,Snacks,Non Veg foods (Lunch / Dinner),1,3,163,53,2,Agree,Disagree,Disagree,Disagree,Strongly disagree,Strongly disagree,Neutral,30 minutes,Yes
CUS230,26,Female,Married,Employee,Graduate,6,Food delivery apps,Dinner,Veg foods (Breakfast / Lunch / Dinner),5,1,244,26,2,Disagree,Agree,Agree,Agree,Strongly agree,Agree,Strongly disagree,30 minutes,Yes
CUS231,25,Male,Single,Self Employeed,School,3,Food delivery apps,Dinner,Non Veg foods (Lunch / Dinner),5,2,168,67,2,Agree,Agree,Disagree,Strongly disagree,Agree,Disagree,Strongly agree,60 minutes,No
CUS232,31,Male,Prefer not to say,Employee,Graduate,1,Food delivery apps,Lunch,Non Veg foods (Lunch / Dinner),2,4,250,26,2,Neutral,Agree,Agree,Agree,Neutral,Disagree,Disagree,15 minutes,Yes
CUS233,23,Female,Single,Employee,Post Graduate,2,Food delivery apps,Dinner,Non Veg foods (Lunch / Dinner),5,5,74,46,1,Agree,Disagree,Disagree,Strongly disagree,Disagree,Strongly disagree,Strongly agree,30 minutes,Yes
CUS234,29,Female,Married,Employee,Ph.D,3,Food delivery apps,Snacks,Non Veg foods (Lunch / Dinner),1,5,205,29,1,Agree,Disagree,Disagree,Disagree,Strongly disagree,Agree,Strongly agree,45 minutes,Yes
CUS235,21,Male,Single,Student,Graduate,6,Food delivery apps,Breakfast,Non Veg foods (Lunch / Dinner),3,2,154,19,1,Agree,Disagree,Disagree,Strongly agree,Agree,Agree,Agree,30 minutes,Yes
CUS236,20,Male,Single,Student,Graduate,3,Food delivery apps,Snacks,Non Veg foods (Lunch / Dinner),5,4,103,31,3,Agree,Disagree,Disagree,Agree,Disagree,Disagree,Strongly agree,45 minutes,Yes
CUS237,22,Male,Single,Employee,Graduate,2,Food delivery apps,Snacks,Non Veg foods (Lunch / Dinner),4,2,189,70,2,Agree,Disagree,Disagree,Strongly disagree,Disagree,Strongly disagree,Strongly agree,More than 60 minutes,No
CUS238,30,Female,Married,House wife,School,6,Food delivery apps,Lunch,Non Veg foods (Lunch / Dinner),1,4,188,16,3,Disagree,Agree,Agree,Strongly agree,Agree,Agree,Disagree,30 minutes,Yes
CUS239,27,Male,Married,Self Employeed,Graduate,3,Food delivery apps,Snacks,Non Veg foods (Lunch / Dinner),3,4,153,50,3,Agree,Disagree,Neutral,Agree,Strongly agree,Disagree,Strongly agree,More than 60 minutes,Yes
CUS240,23,Male,Single,Student,Post Graduate,2,Food delivery apps,Lunch,Non Veg foods (Lunch / Dinner),2,4,138,16,1,Agree,Disagree,Disagree,Agree,Disagree,Strongly disagree,Agree,45 minutes,Yes
CUS241,30,Male,Married,Self Employeed,School,6,Food delivery apps,Snacks,Non Veg foods (Lunch / Dinner),3,5,112,47,1,Disagree,Agree,Agree,Agree,Agree,Disagree,Disagree,45 minutes,Yes
CUS242,23,Male,Single,Student,Post Graduate,3,Food delivery apps,Snacks,Non Veg foods (Lunch / Dinner),2,1,85,37,2,Agree,Disagree,Disagree,Agree,Agree,Disagree,Strongly agree,30 minutes,Maybe
CUS243,28,Female,Married,Employee,Post Graduate,6,Food delivery apps,Snacks,Non Veg foods (Lunch / Dinner),5,5,160,17,3,Disagree,Agree,Agree,Agree,Agree,Agree,Strongly disagree,15 minutes,Yes
CUS244,30,Male,Married,Self Employeed,Graduate,6,Food delivery apps,Lunch,Veg foods (Breakfast / Lunch / Dinner),1,1,224,50,3,Agree,Disagree,Disagree,Neutral,Disagree,Neutral,Neutral,60 minutes,Yes
CUS245,24,Female,Married,Employee,Post Graduate,2,Food delivery apps,Snacks,Non Veg foods (Lunch / Dinner),5,5,145,74,1,Agree,Disagree,Disagree,Strongly disagree,Disagree,Disagree,Disagree,More than 60 minutes,Yes
CUS246,21,Male,Single,Student,Graduate,2,Food delivery apps,Snacks,Non Veg foods (Lunch / Dinner),5,1,257,33,2,Disagree,Disagree,Strongly disagree,Agree,Disagree,Disagree,Disagree,30 minutes,Yes
CUS247,23,Female,Prefer not to say,Employee,Graduate,3,Food delivery apps,Lunch,Non Veg foods (Lunch / Dinner),5,1,206,49,1,Agree,Agree,Agree,Neutral,Disagree,Disagree,Strongly agree,45 minutes,Maybe
CUS248,25,Male,Married,Self Employeed,Post Graduate,4,Food delivery apps,Dinner,Non Veg foods (Lunch / Dinner),3,2,177,38,3,Agree,Disagree,Disagree,Agree,Disagree,Agree,Strongly agree,30 minutes,Yes
CUS249,24,Female,Single,Employee,Graduate,2,Food delivery apps,Snacks,Non Veg foods (Lunch / Dinner),3,4,207,35,2,Agree,Disagree,Neutral,Agree,Neutral,Neutral,Strongly agree,45 minutes,Yes
CUS250,26,Male,Married,Employee,Graduate,3,Food delivery apps,Lunch,Sweets,5,5,94,11,2,Disagree,Agree,Agree,Agree,Agree,Agree,Disagree,15 minutes,Yes
CUS251,25,Female,Single,Employee,Post Graduate,2,Food delivery apps,Snacks,Non Veg foods (Lunch / Dinner),5,3,71,56,2,Agree,Disagree,Neutral,Agree,Disagree,Strongly disagree,Agree,30 minutes,Maybe
CUS252,22,Male,Single,Student,Graduate,3,Food delivery apps,Snacks,Non Veg foods (Lunch / Dinner),5,1,76,65,1,Disagree,Disagree,Neutral,Neutral,Agree,Neutral,Neutral,60 minutes,Yes
CUS253,26,Female,Single,Employee,Post Graduate,2,Food delivery apps,Breakfast,Non Veg foods (Lunch / Dinner),3,2,132,74,1,Agree,Disagree,Disagree,Neutral,Agree,Disagree,Strongly agree,More than 60 minutes,Yes
CUS254,23,Male,Single,Employee,Graduate,2,Food delivery apps,Snacks,Non Veg foods (Lunch / Dinner),1,3,222,21,2,Disagree,Agree,Agree,Agree,Agree,Neutral,Disagree,15 minutes,Yes
CUS255,21,Female,Single,Employee,Graduate,2,Food delivery apps,Dinner,Non Veg foods (Lunch / Dinner),1,2,177,40,1,Disagree,Disagree,Disagree,Neutral,Agree,Agree,Strongly disagree,30 minutes,Yes
CUS256,25,Male,Married,Self Employeed,Graduate,3,Food delivery apps,Lunch,Non Veg foods (Lunch / Dinner),5,3,148,56,1,Agree,Neutral,Disagree,Disagree,Neutral,Agree,Agree,45 minutes,Yes
CUS257,24,Female,Married,Employee,Post Graduate,2,Food delivery apps,Breakfast,Non Veg foods (Lunch / Dinner),5,4,217,39,2,Agree,Agree,Neutral,Neutral,Disagree,Disagree,Neutral,60 minutes,Yes
CUS258,22,Male,Married,Student,Graduate,2,Food delivery apps,Snacks,Veg foods (Breakfast / Lunch / Dinner),4,1,105,15,1,Agree,Agree,Strongly agree,Agree,Agree,Disagree,Agree,30 minutes,Yes
CUS259,24,Male,Married,Employee,Post Graduate,3,Food delivery apps,Snacks,Veg foods (Breakfast / Lunch / Dinner),4,5,189,34,3,Agree,Agree,Neutral,Neutral,Neutral,Disagree,Agree,45 minutes,Yes
CUS260,22,Female,Single,Student,Graduate,2,Web browser,Snacks,Non Veg foods (Lunch / Dinner),2,1,202,48,3,Agree,Agree,Disagree,Agree,Disagree,Agree,Agree,45 minutes,Yes
CUS261,30,Male,Married,Employee,Graduate,5,Food delivery apps,Breakfast,Non Veg foods (Lunch / Dinner),2,5,251,33,3,Disagree,Agree,Agree,Agree,Disagree,Disagree,Disagree,45 minutes,Yes
CUS262,23,Female,Prefer not to say,Employee,Graduate,4,Food delivery apps,Lunch,Veg foods (Breakfast / Lunch / Dinner),3,1,250,19,1,Agree,Disagree,Neutral,Neutral,Agree,Agree,Agree,30 minutes,Yes
CUS263,19,Male,Single,Student,Graduate,6,Food delivery apps,Snacks,Non Veg foods (Lunch / Dinner),2,3,111,22,1,Agree,Disagree,Agree,Agree,Disagree,Disagree,Agree,45 minutes,Yes
CUS264,21,Female,Single,Student,Graduate,2,Food delivery apps,Breakfast,Veg foods (Breakfast / Lunch / Dinner),5,5,94,52,3,Agree,Disagree,Agree,Agree,Disagree,Disagree,Strongly agree,45 minutes,Yes
CUS265,23,Male,Single,Student,Graduate,4,Food delivery apps,Snacks,Non Veg foods (Lunch / Dinner),5,3,186,62,1,Agree,Agree,Agree,Agree,Agree,Disagree,Disagree,60 minutes,Maybe
CUS266,24,Female,Single,Employee,Graduate,3,Food delivery apps,Snacks,Non Veg foods (Lunch / Dinner),4,1,228,53,3,Agree,Disagree,Disagree,Agree,Disagree,Agree,Agree,60 minutes,Yes
CUS267,26,Female,Married,Employee,Post Graduate,2,Food delivery apps,Lunch,Veg foods (Breakfast / Lunch / Dinner),4,5,193,11,3,Disagree,Agree,Agree,Strongly agree,Disagree,Disagree,Strongly disagree,15 minutes,Yes
CUS268,26,Female,Single,Student,Ph.D,2,Food delivery apps,Dinner,Non Veg foods (Lunch / Dinner),4,2,253,69,2,Agree,Disagree,Agree,Agree,Disagree,Disagree,Agree,60 minutes,Yes
CUS269,25,Female,Single,Student,Graduate,2,Food delivery apps,Snacks,Non Veg foods (Lunch / Dinner),5,1,55,56,1,Agree,Disagree,Disagree,Neutral,Disagree,Disagree,Agree,30 minutes,Yes
CUS270,28,Female,Married,Employee,Graduate,5,Food delivery apps,Lunch,Non Veg foods (Lunch / Dinner),2,4,229,20,3,Disagree,Agree,Agree,Agree,Agree,Disagree,Strongly disagree,15 minutes,Yes
CUS271,25,Female,Single,Student,Post Graduate,3,Food delivery apps,Dinner,Non Veg foods (Lunch / Dinner),2,4,49,60,1,Agree,Agree,Agree,Disagree,Disagree,Disagree,Agree,More than 60 minutes,Maybe
CUS272,20,Female,Single,Student,Graduate,2,Food delivery apps,Snacks,Non Veg foods (Lunch / Dinner),5,3,154,48,3,Agree,Agree,Agree,Agree,Agree,Disagree,Disagree,45 minutes,Maybe
CUS273,27,Female,Married,Self Employeed,Graduate,6,Food delivery apps,Breakfast,Non Veg foods (Lunch / Dinner),5,2,143,21,2,Disagree,Agree,Agree,Agree,Disagree,Agree,Disagree,15 minutes,Yes
CUS274,25,Female,Married,Employee,Graduate,3,Food delivery apps,Snacks,Non Veg foods (Lunch / Dinner),3,2,47,25,1,Disagree,Disagree,Neutral,Agree,Neutral,Agree,Disagree,45 minutes,Yes
CUS275,24,Female,Single,Student,Post Graduate,5,Food delivery apps,Breakfast,Veg foods (Breakfast / Lunch / Dinner),1,1,49,42,2,Disagree,Agree,Agree,Agree,Agree,Agree,Disagree,30 minutes,Yes
CUS276,25,Female,Married,Employee,Graduate,1,Food delivery apps,Lunch,Veg foods (Breakfast / Lunch / Dinner),1,1,26,26,3,Disagree,Agree,Agree,Agree,Strongly disagree,Disagree,Neutral,45 minutes,Yes
CUS277,25,Female,Prefer not to say,Employee,Post Graduate,3,Food delivery apps,Dinner,Non Veg foods (Lunch / Dinner),2,1,220,39,2,Disagree,Strongly disagree,Agree,Agree,Neutral,Disagree,Disagree,45 minutes,Yes
CUS278,24,Female,Married,Student,Ph.D,5,Food delivery apps,Snacks,Non Veg foods (Lunch / Dinner),3,1,201,43,2,Agree,Disagree,Disagree,Agree,Disagree,Strongly disagree,Agree,45 minutes,Yes
CUS279,24,Male,Single,Student,Post Graduate,3,Food delivery apps,Snacks,Non Veg foods (Lunch / Dinner),1,3,202,37,2,Agree,Disagree,Strongly disagree,Disagree,Strongly disagree,Disagree,Agree,45 minutes,Yes
CUS280,22,Male,Single,Employee,Graduate,1,Food delivery apps,Lunch,Veg foods (Breakfast / Lunch / Dinner),4,1,244,52,1,Agree,Disagree,Neutral,Agree,Neutral,Disagree,Agree,45 minutes,No
CUS281,28,Male,Single,Employee,Post Graduate,2,Food delivery apps,Lunch,Non Veg foods (Lunch / Dinner),2,1,98,47,1,Disagree,Agree,Agree,Agree,Agree,Agree,Disagree,30 minutes,Yes
CUS282,25,Female,Single,Employee,Post Graduate,6,Food delivery apps,Snacks,Non Veg foods (Lunch / Dinner),5,3,45,9,2,Strongly disagree,Agree,Agree,Agree,Neutral,Agree,Strongly disagree,15 minutes,Yes
CUS283,21,Male,Married,Employee,Ph.D,3,Food delivery apps,Lunch,Non Veg foods (Lunch / Dinner),2,1,152,59,2,Agree,Neutral,Disagree,Disagree,Disagree,Neutral,Neutral,30 minutes,Yes
CUS284,22,Male,Married,Self Employeed,School,3,Food delivery apps,Dinner,Non Veg foods (Lunch / Dinner),1,5,209,28,2,Agree,Disagree,Neutral,Neutral,Neutral,Neutral,Neutral,45 minutes,No
CUS285,31,Male,Married,Employee,Ph.D,3,Food delivery apps,Lunch,Non Veg foods (Lunch / Dinner),3,1,29,47,2,Agree,Neutral,Disagree,Disagree,Disagree,Neutral,Neutral,30 minutes,Yes
CUS286,30,Male,Married,Employee,Post Graduate,6,Food delivery apps,Lunch,Non Veg foods (Lunch / Dinner),2,1,127,31,3,Agree,Agree,Agree,Disagree,Neutral,Disagree,Neutral,45 minutes,Yes
CUS287,23,Female,Single,Student,Post Graduate,2,Food delivery apps,Breakfast,Non Veg foods (Lunch / Dinner),1,3,102,17,2,Agree,Agree,Neutral,Agree,Neutral,Strongly agree,Neutral,45 minutes,Yes
CUS288,25,Female,Single,Self Employeed,Graduate,2,Food delivery apps,Lunch,Sweets,1,2,99,61,1,Agree,Disagree,Neutral,Agree,Agree,Agree,Strongly agree,30 minutes,Yes
CUS289,34,Male,Single,Employee,Post Graduate,1,Walk-in,Lunch,Non Veg foods (Lunch / Dinner),4,4,142,50,2,Neutral,Disagree,Agree,Neutral,Neutral,Strongly agree,Disagree,45 minutes,Yes
CUS290,26,Male,Single,Employee,Post Graduate,2,Food delivery apps,Breakfast,Non Veg foods (Lunch / Dinner),1,2,34,17,2,Agree,Strongly disagree,Disagree,Agree,Disagree,Strongly disagree,Neutral,45 minutes,Yes
CUS291,29,Male,Married,Student,Graduate,3,Food delivery apps,Dinner,Veg foods (Breakfast / Lunch / Dinner),3,1,164,22,1,Strongly agree,Disagree,Neutral,Agree,Neutral,Agree,Agree,30 minutes,No
CUS292,35,Male,Single,Student,Graduate,3,Walk-in,Dinner,Non Veg foods (Lunch / Dinner),1,5,209,56,3,Agree,Disagree,Agree,Agree,Strongly agree,Strongly disagree,Strongly agree,30 minutes,Yes
CUS293,33,Female,Single,Employee,Post Graduate,1,Food delivery apps,Snacks,Non Veg foods (Lunch / Dinner),4,1,114,40,2,Strongly agree,Disagree,Neutral,Disagree,Neutral,Neutral,Agree,More than 60 minutes,Yes
CUS294,26,Male,Single,Employee,School,3,Food delivery apps,Snacks,Non Veg foods (Lunch / Dinner),2,5,49,42,3,Agree,Disagree,Disagree,Disagree,Neutral,Disagree,Disagree,60 minutes,Yes
CUS295,24,Male,Married,Employee,Post Graduate,6,Food delivery apps,Snacks,Non Veg foods (Lunch / Dinner),4,4,129,48,3,Agree,Strongly disagree,Agree,Strongly disagree,Agree,Agree,Disagree,30 minutes,Yes
CUS296,18,Male,Single,Employee,Post Graduate,1,Food delivery apps,Lunch,Veg foods (Breakfast / Lunch / Dinner),1,5,235,20,1,Disagree,Disagree,Disagree,Agree,Neutral,Disagree,Disagree,,Yes
CUS297,25,Male,Single,Self Employeed,Post Graduate,1,Food delivery apps,Breakfast,Veg foods (Breakfast / Lunch / Dinner),2,5,76,53,3,Agree,Agree,Neutral,Strongly agree,Neutral,Agree,Neutral,30 minutes,Yes
CUS298,34,Male,Single,Self Employeed,Post Graduate,1,Food delivery apps,Snacks,Non Veg foods (Lunch / Dinner),4,4,41,18,2,Strongly agree,Agree,Neutral,Neutral,Agree,Disagree,Neutral,15 minutes,Yes
CUS299,31,Male,Married,Student,Ph.D,6,Walk-in,Snacks,Non Veg foods (Lunch / Dinner),1,2,94,40,1,Strongly agree,Agree,Disagree,Strongly disagree,Agree,Disagree,Strongly disagree,30 minutes,No
CUS300,19,Male,Married,Employee,Graduate,1,Food delivery apps,Breakfast,Non Veg foods (Lunch / Dinner),4,4,128,42,1,Agree,Disagree,Disagree,Agree,Neutral,Strongly disagree,Strongly agree,45 minutes,Yes
CUS301,23,Female,Single,Employee,Post Graduate,2,Food delivery apps,Lunch,Non Veg foods (Lunch / Dinner),3,2,160,50,2,Agree,Agree,Agree,Strongly agree,Agree,Disagree,Neutral,More than 60 minutes,Yes
CUS302,32,Female,Single,Student,Post Graduate,5,Food delivery apps,Breakfast,Veg foods (Breakfast / Lunch / Dinner),1,2,158,37,3,Agree,Neutral,Agree,Agree,Disagree,Disagree,Agree,45 minutes,No
CUS303,18,Male,Single,Student,Ph.D,4,Food delivery apps,Breakfast,Non Veg foods (Lunch / Dinner),1,4,160,26,2,Agree,Agree,Strongly agree,Agree,Agree,Neutral,Neutral,30 minutes,Yes
CUS304,27,Female,Single,,Post Graduate,5,Food delivery apps,Dinner,Non Veg foods (Lunch / Dinner),1,5,250,46,1,Disagree,Disagree,Strongly disagree,Agree,Agree,Agree,Agree,45 minutes,Maybe
CUS305,34,Male,Single,Student,Graduate,6,Food delivery apps,Snacks,Veg foods (Breakfast / Lunch / Dinner),1,4,235,61,3,Disagree,Strongly agree,Agree,Disagree,Strongly disagree,Agree,Disagree,15 minutes,Yes
CUS306,34,Male,Single,Self Employeed,Graduate,3,Food delivery apps,Dinner,Non Veg foods (Lunch / Dinner),1,3,34,65,2,Agree,Disagree,Neutral,Agree,Agree,Agree,Agree,45 minutes,Yes
CUS307,30,Female,Single,Student,Graduate,3,Food delivery apps,Breakfast,Non Veg foods (Lunch / Dinner),2,3,147,55,1,Agree,Neutral,Strongly agree,Disagree,Agree,Strongly agree,Disagree,45 minutes,Yes
CUS308,33,Female,Single,Employee,Post Graduate,6,Food delivery apps,Breakfast,Veg foods (Breakfast / Lunch / Dinner),3,3,126,26,2,Agree,Neutral,Neutral,Neutral,Neutral,Disagree,Neutral,15 minutes,Yes
CUS309,33,Female,Single,Self Employeed,Post Graduate,2,Food delivery apps,Dinner,Non Veg foods (Lunch / Dinner),3,1,203,17,3,Strongly agree,Strongly disagree,Strongly agree,Agree,Strongly disagree,Disagree,Disagree,30 minutes,No
CUS310,18,Male,Single,Student,Graduate,2,Food delivery apps,Snacks,Non Veg foods (Lunch / Dinner),3,3,81,19,2,Strongly agree,Strongly agree,Agree,Strongly agree,Disagree,Disagree,Strongly agree,30 minutes,No
CUS311,24,Male,Single,Student,Graduate,2,Food delivery apps,Lunch,Veg foods (Breakfast / Lunch / Dinner),1,3,240,55,1,Agree,Agree,Disagree,Strongly agree,Disagree,Agree,Neutral,45 minutes,Yes
CUS312,28,Female,Single,Student,Graduate,1,Food delivery apps,Breakfast,Veg foods (Breakfast / Lunch / Dinner),2,1,57,28,1,Disagree,Strongly agree,Agree,Agree,Agree,Disagree,Agree,60 minutes,No
CUS313,23,Male,Single,Student,Post Graduate,4,Food delivery apps,Snacks,Non Veg foods (Lunch / Dinner),5,2,246,31,1,Agree,Disagree,Disagree,Strongly disagree,Agree,Agree,Agree,45 minutes,Yes
CUS314,20,Female,Married,Employee,Graduate,4,Food delivery apps,Lunch,Non Veg foods (Lunch / Dinner),4,4,34,19,1,Disagree,Disagree,Disagree,Agree,Disagree,Disagree,Disagree,30 minutes,No
CUS315,23,Male,Single,Student,Graduate,6,Food delivery apps,Breakfast,Veg foods (Breakfast / Lunch / Dinner),1,2,173,63,3,Agree,Agree,Disagree,Agree,Disagree,Disagree,Strongly agree,45 minutes,Yes
CUS316,19,Female,Married,Student,Graduate,2,Food delivery apps,Snacks,Non Veg foods (Lunch / Dinner),1,1,140,29,3,Agree,Disagree,Agree,Agree,Agree,Disagree,Strongly agree,45 minutes,Yes
CUS317,32,Female,Prefer not to say,House wife,School,6,Food delivery apps,Dinner,Non Veg foods (Lunch / Dinner),4,3,54,74,2,Agree,Disagree,Neutral,Disagree,Strongly agree,Strongly disagree,Disagree,30 minutes,Yes
CUS318,32,Male,Single,Student,Ph.D,6,Food delivery apps,Lunch,Veg foods (Breakfast / Lunch / Dinner),2,1,71,23,3,Strongly agree,Strongly agree,Disagree,Agree,Strongly agree,Agree,Disagree,More than 60 minutes,Yes
CUS319,29,Female,Married,Student,Ph.D,6,Food delivery apps,Lunch,Non Veg foods (Lunch / Dinner),3,1,23,42,1,Agree,Strongly agree,Disagree,Disagree,Disagree,Disagree,Strongly agree,45 minutes,Maybe
CUS320,22,Female,Single,Student,Graduate,1,Food delivery apps,Lunch,Non Veg foods (Lunch / Dinner),1,4,124,45,2,Neutral,Agree,Neutral,Agree,Strongly agree,Neutral,Agree,30 minutes,No
CUS321,30,Female,Single,Employee,Post Graduate,5,Food delivery apps,Snacks,Non Veg foods (Lunch / Dinner),2,1,62,21,2,Agree,Agree,Agree,Neutral,Disagree,Agree,Agree,45 minutes,Yes
CUS322,19,Female,Single,Employee,Graduate,6,Food delivery apps,Snacks,Non Veg foods (Lunch / Dinner),1,1,175,46,1,Agree,Disagree,Agree,Agree,Strongly agree,,Neutral,30 minutes,Maybe
CUS323,24,Female,Single,Employee,Graduate,3,Food delivery apps,Dinner,Non Veg foods (Lunch / Dinner),2,4,67,60,2,Agree,Neutral,,Agree,Disagree,Disagree,Agree,45 minutes,Maybe
CUS324,32,Female,Prefer not to say,Employee,Graduate,5,Food delivery apps,Snacks,Veg foods (Breakfast / Lunch / Dinner),4,2,137,40,2,Agree,Neutral,Agree,Agree,Disagree,Agree,Disagree,30 minutes,Yes
CUS325,31,Male,Single,Student,Post Graduate,2,Food delivery apps,Dinner,Non Veg foods (Lunch / Dinner),2,2,166,41,2,Agree,Disagree,Agree,Neutral,Agree,Agree,,30 minutes,Yes
CUS326,28,Female,Single,House wife,Post Graduate,4,Food delivery apps,Lunch,Non Veg foods (Lunch / Dinner),1,3,234,64,1,Agree,Disagree,Neutral,Strongly disagree,Agree,Disagree,Agree,30 minutes,No
CUS327,34,Male,Married,Employee,Post Graduate,1,Food delivery apps,Breakfast,Non Veg foods (Lunch / Dinner),1,5,139,49,3,Disagree,Agree,Disagree,Agree,Disagree,Agree,Disagree,60 minutes,Yes
CUS328,28,Male,Married,Employee,Graduate,3,Walk-in,Breakfast,Non Veg foods (Lunch / Dinner),3,4,100,15,3,Agree,Disagree,Agree,Strongly disagree,Agree,Disagree,Disagree,30 minutes,Yes
CUS329,29,Female,Married,Student,Graduate,1,Food delivery apps,Snacks,Non Veg foods (Lunch / Dinner),3,2,157,26,1,Agree,Agree,Neutral,Disagree,Agree,Disagree,Strongly agree,45 minutes,Yes
CUS330,28,Male,Married,Student,Ph.D,3,Food delivery apps,Snacks,Non Veg foods (Lunch / Dinner),4,2,35,66,2,,Disagree,Neutral,Agree,Agree,Agree,Agree,30 minutes,Yes
CUS331,35,,Married,Student,Graduate,1,Food delivery apps,Snacks,Veg foods (Breakfast / Lunch / Dinner),1,2,194,54,2,Strongly disagree,Disagree,Strongly agree,Neutral,Neutral,Strongly agree,Agree,45 minutes,Maybe
CUS332,26,Male,Prefer not to say,Student,Post Graduate,1,Food delivery apps,Lunch,Non Veg foods (Lunch / Dinner),5,2,207,17,1,Agree,Agree,Neutral,Agree,Strongly disagree,Neutral,Strongly agree,60 minutes,Yes
CUS333,23,Female,Married,Self Employeed,Graduate,2,Food delivery apps,Snacks,Non Veg foods (Lunch / Dinner),5,4,32,36,2,Agree,Disagree,Disagree,Agree,Strongly agree,Disagree,Neutral,60 minutes,Yes
CUS334,19,Female,Single,Employee,Post Graduate,2,Food delivery apps,Snacks,Veg foods (Breakfast / Lunch / Dinner),1,4,120,24,2,Strongly disagree,Neutral,Neutral,Disagree,Disagree,Agree,Disagree,45 minutes,Yes
CUS335,35,Male,Single,Employee,Post Graduate,3,Food delivery apps,Snacks,Non Veg foods (Lunch / Dinner),4,4,225,62,3,Agree,Strongly agree,Disagree,Disagree,Agree,Agree,Strongly agree,30 minutes,Yes
CUS336,18,Female,Married,Self Employeed,Post Graduate,6,Food delivery apps,Lunch,Non Veg foods (Lunch / Dinner),3,5,221,17,1,Disagree,Agree,Disagree,Disagree,Neutral,Neutral,Neutral,45 minutes,Yes
CUS337,33,Female,Single,Student,Graduate,2,Walk-in,Lunch,Veg foods (Breakfast / Lunch / Dinner),3,3,151,19,2,Agree,Agree,Agree,Disagree,Agree,Agree,Strongly agree,30 minutes,Yes
CUS338,24,Female,Married,Employee,Post Graduate,3,Food delivery apps,Snacks,Non Veg foods (Lunch / Dinner),4,2,197,17,1,Agree,Agree,Agree,Neutral,Agree,Strongly agree,Agree,15 minutes,Yes
CUS339,30,Female,Single,Self Employeed,Graduate,1,Food delivery apps,Dinner,Non Veg foods (Lunch / Dinner),5,3,254,17,2,Agree,Strongly agree,Neutral,Agree,Agree,Agree,Agree,30 minutes,Yes
CUS340,22,Female,Married,Employee,Graduate,6,Food delivery apps,Lunch,Non Veg foods (Lunch / Dinner),5,1,104,35,2,Strongly agree,Disagree,Agree,Disagree,Disagree,Agree,Agree,30 minutes,Maybe
CUS341,18,Female,Single,Employee,Ph.D,4,Food delivery apps,Lunch,Non Veg foods (Lunch / Dinner),1,5,111,72,2,Agree,Disagree,Neutral,Agree,Neutral,Neutral,Strongly agree,45 minutes,Yes
CUS342,32,Male,Single,Student,Post Graduate,2,Food delivery apps,Lunch,Non Veg foods (Lunch / Dinner),1,3,111,39,2,Agree,Disagree,Agree,Neutral,Neutral,Neutral,Disagree,15 minutes,Yes
CUS343,27,Female,Married,Employee,Post Graduate,4,Food delivery apps,Snacks,Veg foods (Breakfast / Lunch / Dinner),3,3,172,59,2,Agree,Neutral,Agree,Neutral,Agree,Agree,Agree,30 minutes,No
CUS344,26,Female,Married,Student,Post Graduate,3,Food delivery apps,Breakfast,Veg foods (Breakfast / Lunch / Dinner),4,3,67,26,3,Strongly agree,Strongly disagree,Disagree,Disagree,Strongly agree,Disagree,Agree,60 minutes,Maybe
CUS345,23,Female,Married,Student,Post Graduate,5,Food delivery apps,Lunch,Non Veg foods (Lunch / Dinner),3,4,162,59,3,Agree,Agree,Neutral,Strongly agree,Neutral,Disagree,Agree,More than 60 minutes,Yes
CUS346,30,Female,Married,Student,Graduate,4,Food delivery apps,Breakfast,Non Veg foods (Lunch / Dinner),4,1,80,55,2,Strongly agree,Agree,Disagree,Neutral,Strongly agree,Strongly agree,Agree,45 minutes,Yes
CUS347,18,Male,Married,Student,Post Graduate,5,Food delivery apps,Lunch,Non Veg foods (Lunch / Dinner),5,2,222,26,2,Strongly agree,Strongly disagree,Disagree,Disagree,Agree,Disagree,Strongly disagree,30 minutes,Yes
CUS348,18,Male,Single,Student,Graduate,2,Food delivery apps,Lunch,Non Veg foods (Lunch / Dinner),3,2,232,26,1,Strongly agree,Disagree,Neutral,Agree,Disagree,Strongly agree,Agree,45 minutes,Yes
CUS349,33,Female,Single,Student,Post Graduate,2,Food delivery apps,Dinner,Non Veg foods (Lunch / Dinner),5,4,214,35,3,Agree,Agree,Strongly disagree,Neutral,Agree,Agree,Strongly agree,45 minutes,Yes
CUS350,22,Female,Single,Student,Ph.D,2,Food delivery apps,Breakfast,Veg foods (Breakfast / Lunch / Dinner),4,5,228,63,2,Disagree,Disagree,Agree,Agree,Disagree,Agree,Disagree,30 minutes,Yes
CUS351,29,Male,Married,Student,Graduate,6,Food delivery apps,Breakfast,Non Veg foods (Lunch / Dinner),5,5,167,29,2,Agree,Neutral,Disagree,Neutral,Disagree,Neutral,Neutral,30 minutes,Yes
CUS352,28,Female,Single,Self Employeed,Post Graduate,4,Walk-in,Lunch,Non Veg foods (Lunch / Dinner),5,2,130,47,2,Strongly agree,Agree,Strongly agree,Disagree,Strongly agree,Disagree,Agree,30 minutes,Yes
CUS353,31,Female,Single,Student,School,2,Food delivery apps,Lunch,Veg foods (Breakfast / Lunch / Dinner),5,5,35,44,3,Agree,Disagree,Strongly disagree,Strongly agree,Agree,Agree,Disagree,30 minutes,Yes
CUS354,26,Male,Single,Self Employeed,Graduate,3,Food delivery apps,Lunch,Non Veg foods (Lunch / Dinner),3,3,46,72,1,Agree,Strongly agree,Strongly agree,Disagree,Agree,Strongly agree,Strongly agree,More than 60 minutes,Yes
CUS355,27,Male,Prefer not to say,Employee,School,1,Food delivery apps,Snacks,Non Veg foods (Lunch / Dinner),4,1,38,32,3,Agree,Neutral,Neutral,Agree,Neutral,Neutral,Agree,30 minutes,Yes
CUS356,26,Female,Single,Employee,Post Graduate,5,Food delivery apps,Breakfast,Non Veg foods (Lunch / Dinner),2,2,51,50,3,Agree,Neutral,Strongly agree,Agree,Disagree,Strongly agree,Agree,30 minutes,Yes
CUS357,32,Male,Married,Student,Post Graduate,4,Food delivery apps,Snacks,Non Veg foods (Lunch / Dinner),5,3,219,55,1,Strongly agree,Neutral,Agree,Strongly agree,Neutral,Disagree,Neutral,30 minutes,Yes
CUS358,32,Female,Married,Employee,Post Graduate,1,Food delivery apps,Lunch,Non Veg foods (Lunch / Dinner),4,2,28,,2,Agree,Strongly disagree,Agree,Agree,Strongly agree,Disagree,Agree,30 minutes,Maybe
CUS359,28,Male,Single,Employee,Graduate,2,Food delivery apps,Snacks,Non Veg foods (Lunch / Dinner),4,2,87,68,1,Agree,Agree,Strongly disagree,Neutral,Neutral,Neutral,Agree,60 minutes,Maybe
CUS360,26,Female,Single,Student,Graduate,2,Food delivery apps,Dinner,Non Veg foods (Lunch / Dinner),4,4,169,56,1,Disagree,Agree,Disagree,Neutral,Agree,Agree,Strongly disagree,60 minutes,Yes
CUS361,33,Female,Single,Student,Post Graduate,4,Food delivery apps,Lunch,Non Veg foods (Lunch / Dinner),5,5,166,56,1,Disagree,Agree,Disagree,Neutral,Neutral,Agree,Agree,45 minutes,Yes
CUS362,30,Male,Single,Student,Post Graduate,3,Food delivery apps,Dinner,Non Veg foods (Lunch / Dinner),1,5,77,57,2,Agree,Neutral,Disagree,Agree,Agree,Agree,Strongly agree,60 minutes,Yes
CUS363,18,Female,Single,Employee,Post Graduate,4,Food delivery apps,Dinner,Non Veg foods (Lunch / Dinner),5,2,156,55,3,Neutral,Agree,Strongly disagree,Neutral,Disagree,Disagree,Neutral,60 minutes,Yes
CUS364,21,Female,Married,Employee,Post Graduate,3,Food delivery apps,Lunch,Non Veg foods (Lunch / Dinner),2,1,247,54,2,Strongly agree,Agree,Strongly agree,Agree,Disagree,Strongly agree,Agree,30 minutes,Yes
CUS365,20,Male,Single,Student,Graduate,5,Food delivery apps,Dinner,Non Veg foods (Lunch / Dinner),2,1,165,29,3,Strongly disagree,Disagree,Disagree,Disagree,Strongly agree,Strongly disagree,Strongly agree,More than 60 minutes,No
CUS366,31,Female,Single,Student,Post Graduate,2,Food delivery apps,,Non Veg foods (Lunch / Dinner),5,3,255,48,1,Agree,Disagree,Neutral,Agree,Neutral,Neutral,Neutral,45 minutes,Yes
CUS367,18,Male,Single,Student,Graduate,1,Food delivery apps,Dinner,Non Veg foods (Lunch / Dinner),1,2,44,39,2,Agree,Disagree,Neutral,Neutral,Disagree,Agree,Strongly agree,60 minutes,No
CUS368,29,Male,Single,Employee,Uneducated,3,Food delivery apps,Lunch,Veg foods (Breakfast / Lunch / Dinner),5,4,159,40,3,Agree,Agree,Agree,Agree,Strongly agree,Disagree,Neutral,30 minutes,Yes
CUS369,21,Female,Married,Self Employeed,Graduate,1,Food delivery apps,Lunch,Non Veg foods (Lunch / Dinner),5,1,127,60,1,Agree,Neutral,Disagree,Neutral,Disagree,Disagree,Agree,30 minutes,Yes
CUS370,35,Male,Married,Employee,Graduate,5,Food delivery apps,Breakfast,Non Veg foods (Lunch / Dinner),2,5,68,18,1,Disagree,Agree,Disagree,Disagree,Disagree,Neutral,Disagree,45 minutes,Yes
CUS371,29,Female,Single,Employee,Graduate,1,Food delivery apps,Lunch,Non Veg foods (Lunch / Dinner),1,4,194,35,1,Agree,Agree,Neutral,Neutral,Strongly agree,Disagree,Neutral,30 minutes,Yes
CUS372,19,Male,Single,Student,Graduate,6,Food delivery apps,Dinner,Non Veg foods (Lunch / Dinner),3,3,42,40,1,Disagree,Disagree,Strongly agree,Agree,Neutral,Agree,Agree,30 minutes,Yes
CUS373,25,Male,Prefer not to say,Student,Graduate,4,Food delivery apps,Snacks,Non Veg foods (Lunch / Dinner),4,1,75,45,1,Agree,Disagree,Agree,Neutral,Neutral,Strongly agree,Strongly agree,30 minutes,Yes
CUS374,19,Male,Single,Student,Post Graduate,1,Food delivery apps,Snacks,Non Veg foods (Lunch / Dinner),2,5,179,52,2,Agree,Agree,Strongly agree,Disagree,Strongly agree,Disagree,Agree,45 minutes,Yes
CUS375,35,Male,Single,Self Employeed,Post Graduate,6,Food delivery apps,Breakfast,Non Veg foods (Lunch / Dinner),3,4,168,31,2,Agree,Disagree,Agree,Neutral,Neutral,Disagree,Agree,45 minutes,Yes
CUS376,31,Male,Married,Student,Graduate,3,Food delivery apps,Dinner,Veg foods (Breakfast / Lunch / Dinner),5,1,52,48,2,Agree,Strongly disagree,Neutral,Agree,Agree,Disagree,Disagree,45 minutes,Yes
CUS377,33,Male,Single,Employee,Ph.D,4,Walk-in,Dinner,Non Veg foods (Lunch / Dinner),5,2,91,40,2,Agree,Agree,Agree,Agree,Strongly agree,Disagree,Strongly agree,60 minutes,Yes
CUS378,19,Female,Single,Student,Graduate,4,Direct call,Breakfast,Non Veg foods (Lunch / Dinner),2,3,34,72,3,Agree,Disagree,Agree,Disagree,Strongly agree,Disagree,Agree,45 minutes,Yes
CUS379,27,Male,Married,Student,Graduate,3,Food delivery apps,Breakfast,Non Veg foods (Lunch / Dinner),2,2,43,63,3,Agree,Disagree,Disagree,Agree,Agree,Disagree,Strongly agree,45 minutes,Yes
CUS380,20,Male,Married,Employee,Post Graduate,4,Food delivery apps,Snacks,Non Veg foods (Lunch / Dinner),1,4,122,50,1,Agree,Agree,Strongly agree,Agree,Agree,Agree,Strongly agree,30 minutes,Yes
CUS381,27,Male,Married,Self Employeed,Graduate,6,Food delivery apps,Lunch,Non Veg foods (Lunch / Dinner),1,4,181,38,2,Agree,Neutral,Strongly agree,Agree,Disagree,Disagree,Neutral,45 minutes,Yes
CUS382,33,Female,Single,Student,Post Graduate,2,Food delivery apps,Breakfast,Non Veg foods (Lunch / Dinner),2,3,83,11,3,Agree,Agree,Disagree,Agree,Agree,Disagree,Strongly agree,30 minutes,Maybe
CUS383,25,Female,Married,Student,Post Graduate,3,Food delivery apps,Snacks,Non Veg foods (Lunch / Dinner),2,5,144,60,3,Agree,Agree,Strongly disagree,Strongly disagree,Disagree,Neutral,Disagree,30 minutes,Yes
CUS384,33,Female,Single,Student,Graduate,3,Food delivery apps,Lunch,Non Veg foods (Lunch / Dinner),2,2,38,59,3,Agree,Agree,Agree,Strongly agree,Neutral,Disagree,Agree,30 minutes,Yes
CUS385,26,Male,Married,Student,Ph.D,3,Food delivery apps,Dinner,Non Veg foods (Lunch / Dinner),2,3,218,23,3,Agree,Agree,Disagree,Agree,Strongly agree,Agree,Agree,30 minutes,Yes
CUS386,26,Male,Single,Employee,Post Graduate,1,Food delivery apps,Snacks,Veg foods (Breakfast / Lunch / Dinner),5,5,231,21,1,Disagree,Agree,Disagree,Agree,Disagree,Agree,Agree,,Yes
CUS387,33,Male,Prefer not to say,Employee,Graduate,2,Food delivery apps,Dinner,Veg foods (Breakfast / Lunch / Dinner),5,3,85,50,2,Neutral,Agree,Agree,Agree,Strongly agree,Disagree,Strongly agree,60 minutes,Yes
CUS388,28,Male,Single,Student,School,4,Food delivery apps,Snacks,Veg foods (Breakfast / Lunch / Dinner),2,1,84,29,3,Disagree,Agree,Agree,Neutral,Neutral,Neutral,Agree,15 minutes,Yes
CUS389,23,Male,Single,Self Employeed,Graduate,6,Food delivery apps,Lunch,Non Veg foods (Lunch / Dinner),5,5,165,40,2,Agree,Disagree,Strongly agree,Neutral,Agree,Neutral,Disagree,45 minutes,Yes
CUS390,18,Male,Married,Student,School,6,Food delivery apps,Lunch,Non Veg foods (Lunch / Dinner),4,5,143,17,1,Agree,Agree,Disagree,Disagree,Neutral,Disagree,Agree,More than 60 minutes,No
CUS391,29,Male,Single,Employee,Graduate,5,Food delivery apps,Snacks,Bakery items (snacks),5,3,238,50,3,Agree,Strongly agree,Strongly agree,Strongly disagree,Agree,Agree,Agree,30 minutes,Yes
CUS392,34,Female,Single,Employee,Graduate,5,Food delivery apps,Dinner,Veg foods (Breakfast / Lunch / Dinner),2,2,237,40,1,Agree,Strongly agree,Strongly agree,Disagree,Neutral,Agree,Strongly agree,45 minutes,Yes
CUS393,28,Male,Single,Student,Post Graduate,5,Direct call,Snacks,Non Veg foods (Lunch / Dinner),4,5,60,14,3,Strongly agree,Agree,Neutral,Agree,Neutral,Disagree,Strongly agree,30 minutes,No
CUS394,32,Male,Single,Employee,Post Graduate,3,Food delivery apps,Lunch,Non Veg foods (Lunch / Dinner),4,1,60,19,3,Agree,Agree,Strongly agree,Agree,Agree,Disagree,Agree,30 minutes,Yes
CUS395,27,Female,Single,Employee,Graduate,5,Food delivery apps,Lunch,Non Veg foods (Lunch / Dinner),2,2,58,23,3,Disagree,Agree,Agree,Agree,Neutral,Neutral,Strongly agree,45 minutes,Yes
CUS396,35,Female,Single,Student,Post Graduate,4,Food delivery apps,Snacks,Veg foods (Breakfast / Lunch / Dinner),1,5,53,19,3,Agree,Agree,Agree,Disagree,Disagree,Disagree,Strongly agree,45 minutes,Yes
CUS397,28,Male,Single,Student,Graduate,1,Food delivery apps,Snacks,Non Veg foods (Lunch / Dinner),3,1,75,52,3,Agree,Agree,Neutral,Neutral,Disagree,Neutral,Neutral,45 minutes,Maybe
CUS398,28,Male,Single,Employee,Graduate,4,Food delivery apps,Snacks,Non Veg foods (Lunch / Dinner),5,5,102,28,3,Strongly agree,Agree,Neutral,Disagree,Disagree,Disagree,Neutral,45 minutes,Maybe
CUS399,19,Male,Single,Self Employeed,Post Graduate,3,Food delivery apps,Lunch,Non Veg foods (Lunch / Dinner),3,1,192,57,2,Disagree,Agree,Agree,Neutral,Strongly agree,Disagree,Agree,45 minutes,Yes
CUS400,32,Male,Single,Self Employeed,Ph.D,6,Food delivery apps,Snacks,Non Veg foods (Lunch / Dinner),4,5,203,21,3,Strongly agree,Disagree,Agree,Neutral,Disagree,Disagree,Disagree,45 minutes,Yes
CUS401,20,Male,Single,Student,Graduate,1,Walk-in,Dinner,Non Veg foods (Lunch / Dinner),5,5,82,54,2,Agree,Strongly agree,Agree,Strongly agree,Strongly agree,Disagree,Neutral,45 minutes,Maybe
CUS402,31,Female,Married,Employee,Ph.D,3,Food delivery apps,Snacks,Veg foods (Breakfast / Lunch / Dinner),3,3,122,41,1,Agree,Strongly agree,Disagree,Agree,Strongly disagree,Disagree,Strongly agree,45 minutes,Maybe
CUS403,18,Female,Single,Student,Graduate,5,Food delivery apps,Lunch,Non Veg foods (Lunch / Dinner),1,4,162,48,1,Disagree,Disagree,Neutral,Strongly disagree,Agree,Agree,Agree,45 minutes,Yes
CUS404,25,Male,Married,Self Employeed,Post Graduate,1,Food delivery apps,Lunch,Non Veg foods (Lunch / Dinner),1,4,190,43,3,Agree,Neutral,Agree,Agree,Disagree,Agree,Neutral,30 minutes,Yes
CUS405,18,Male,Single,Employee,Ph.D,4,Food delivery apps,Dinner,Non Veg foods (Lunch / Dinner),4,5,229,29,1,Agree,Strongly disagree,Agree,Neutral,Agree,Neutral,Neutral,60 minutes,Yes
CUS406,22,Male,Married,Employee,Post Graduate,5,Food delivery apps,Dinner,Non Veg foods (Lunch / Dinner),3,1,27,18,3,Agree,Agree,Strongly agree,Agree,Neutral,Agree,Agree,60 minutes,Yes
CUS407,31,Male,Married,Employee,Ph.D,6,Food delivery apps,Breakfast,Non Veg foods (Lunch / Dinner),1,3,206,16,1,Agree,Disagree,Neutral,Strongly disagree,Strongly disagree,Strongly disagree,Strongly agree,30 minutes,No
CUS408,33,Female,Single,Self Employeed,Post Graduate,5,Food delivery apps,Dinner,Non Veg foods (Lunch / Dinner),4,5,113,36,3,Agree,Neutral,Disagree,Strongly disagree,Disagree,Neutral,Neutral,45 minutes,Yes
CUS409,18,Female,Single,Student,Graduate,6,Food delivery apps,Snacks,Non Veg foods (Lunch / Dinner),1,5,177,41,3,Strongly agree,Disagree,Agree,Strongly agree,Agree,Disagree,Strongly agree,30 minutes,Yes
CUS410,18,Male,Single,Employee,Ph.D,4,Food delivery apps,Breakfast,Non Veg foods (Lunch / Dinner),2,2,42,56,1,Strongly agree,Disagree,Disagree,Agree,Agree,Disagree,Agree,30 minutes,Yes
CUS411,23,Male,Married,Employee,Post Graduate,4,Walk-in,Dinner,Non Veg foods (Lunch / Dinner),4,3,45,40,1,Agree,Agree,Agree,Neutral,Strongly disagree,Disagree,Agree,45 minutes,No
CUS412,25,Male,Single,Student,Post Graduate,5,Food delivery apps,Snacks,Non Veg foods (Lunch / Dinner),1,1,104,47,1,Agree,Strongly agree,Neutral,Disagree,Disagree,Disagree,Agree,More than 60 minutes,No
CUS413,28,Male,Married,Student,Post Graduate,5,Food delivery apps,Lunch,Sweets,2,3,75,30,1,Agree,Agree,Disagree,Neutral,Strongly disagree,Strongly disagree,Disagree,More than 60 minutes,Yes
CUS414,25,Male,Married,Student,Post Graduate,1,Food delivery apps,Dinner,Non Veg foods (Lunch / Dinner),2,4,98,36,3,Agree,Agree,Disagree,Strongly disagree,Strongly disagree,Agree,Agree,45 minutes,Maybe
CUS415,26,Male,Single,Student,Graduate,6,Food delivery apps,Breakfast,Non Veg foods (Lunch / Dinner),3,5,45,26,2,Disagree,Disagree,Neutral,Agree,Neutral,Agree,Disagree,More than 60 minutes,Yes
CUS416,35,Female,Single,Student,Post Graduate,4,Food delivery apps,Lunch,Non Veg foods (Lunch / Dinner),1,3,155,52,3,Disagree,Agree,Agree,Strongly disagree,Neutral,Disagree,Agree,45 minutes,Maybe
CUS417,31,Male,Single,Employee,Post Graduate,6,Walk-in,Snacks,Veg foods (Breakfast / Lunch / Dinner),1,5,225,56,3,Agree,Neutral,Strongly agree,Strongly disagree,Agree,Disagree,Agree,30 minutes,Yes
CUS418,27,Female,Single,Student,Post Graduate,6,Food delivery apps,Snacks,Veg foods (Breakfast / Lunch / Dinner),2,2,89,15,3,Disagree,Neutral,Disagree,Strongly disagree,Agree,Disagree,Strongly agree,45 minutes,Yes
CUS419,29,Female,Single,Employee,Post Graduate,4,,Snacks,Veg foods (Breakfast / Lunch / Dinner),4,2,101,19,2,Strongly disagree,Disagree,Neutral,Agree,Strongly agree,Disagree,Strongly agree,45 minutes,Yes
CUS420,32,Female,Single,Student,Graduate,6,Food delivery apps,Lunch,Non Veg foods (Lunch / Dinner),2,3,239,55,3,Agree,Disagree,Strongly disagree,Strongly agree,Disagree,Neutral,Agree,30 minutes,Yes
CUS421,35,Female,Single,Student,Post Graduate,4,Food delivery apps,Dinner,Non Veg foods (Lunch / Dinner),3,4,251,17,2,Agree,Disagree,Disagree,Agree,Disagree,Agree,Neutral,30 minutes,Yes
CUS422,35,Male,Married,Student,Uneducated,2,Food delivery apps,Breakfast,Non Veg foods (Lunch / Dinner),3,5,62,21,1,Agree,Agree,Agree,Neutral,Neutral,Neutral,Strongly agree,45 minutes,Yes
CUS423,35,Female,Single,Student,Graduate,6,Food delivery apps,Dinner,Non Veg foods (Lunch / Dinner),2,5,117,39,1,Strongly agree,Neutral,Strongly disagree,Neutral,Neutral,Agree,Strongly agree,30 minutes,Yes
CUS424,19,Female,Single,Student,Post Graduate,3,Web browser,Lunch,Non Veg foods (Lunch / Dinner),4,3,93,44,1,Agree,Disagree,Disagree,Agree,Strongly agree,Agree,Agree,15 minutes,Yes
CUS425,28,Female,Married,Student,Post Graduate,1,Food delivery apps,Lunch,Non Veg foods (Lunch / Dinner),1,3,32,63,1,Agree,Strongly disagree,Disagree,Neutral,Disagree,Neutral,Strongly agree,45 minutes,Yes
CUS426,32,Male,Single,Student,Post Graduate,3,Food delivery apps,Lunch,Non Veg foods (Lunch / Dinner),2,4,38,22,2,Agree,Agree,Disagree,Agree,Disagree,Strongly disagree,Neutral,45 minutes,Yes
CUS427,31,Female,Married,Student,Post Graduate,3,Food delivery apps,Breakfast,Non Veg foods (Lunch / Dinner),5,4,139,26,2,Agree,Disagree,Agree,Neutral,Agree,Neutral,Agree,30 minutes,Yes
CUS428,33,Female,Married,Employee,Post Graduate,2,Walk-in,Dinner,Veg foods (Breakfast / Lunch / Dinner),4,3,67,50,3,Disagree,Neutral,Neutral,Neutral,Disagree,Neutral,Strongly agree,30 minutes,Yes
CUS429,30,Male,Single,Student,Post Graduate,1,Food delivery apps,Breakfast,Non Veg foods (Lunch / Dinner),3,2,168,39,1,Agree,Agree,Neutral,Agree,Agree,Neutral,Neutral,60 minutes,Yes
CUS430,35,Male,Single,Student,Graduate,3,Food delivery apps,Dinner,Veg foods (Breakfast / Lunch / Dinner),2,1,185,30,3,Agree,Agree,Neutral,Neutral,Strongly agree,Strongly disagree,Strongly agree,30 minutes,Yes
CUS431,21,Male,Single,Student,Graduate,5,Food delivery apps,Snacks,Non Veg foods (Lunch / Dinner),1,3,211,62,1,Agree,Disagree,Disagree,Strongly disagree,Agree,Neutral,Agree,15 minutes,No
CUS432,25,Male,Married,Employee,Post Graduate,4,Food delivery apps,Lunch,Non Veg foods (Lunch / Dinner),1,3,110,70,1,Disagree,Agree,Strongly agree,Disagree,Agree,Agree,Disagree,More than 60 minutes,No
CUS433,27,Male,Single,Employee,Post Graduate,2,Food delivery apps,Snacks,Veg foods (Breakfast / Lunch / Dinner),2,4,57,42,3,Disagree,Agree,Strongly agree,Disagree,Disagree,Neutral,Neutral,30 minutes,Yes
CUS434,24,Female,Married,Student,Post Graduate,2,Food delivery apps,Lunch,Non Veg foods (Lunch / Dinner),3,3,102,43,2,Neutral,Agree,Disagree,Neutral,Agree,Disagree,Disagree,45 minutes,Yes
CUS435,26,Male,Married,Employee,Graduate,6,Food delivery apps,Dinner,Veg foods (Breakfast / Lunch / Dinner),3,5,182,26,3,Agree,Strongly disagree,Strongly agree,Neutral,Agree,Neutral,Strongly agree,60 minutes,Yes
CUS436,27,Male,Single,Employee,Graduate,1,Food delivery apps,Lunch,Non Veg foods (Lunch / Dinner),1,5,221,12,3,Agree,Strongly agree,Agree,Agree,Strongly agree,Strongly agree,Strongly agree,45 minutes,Maybe
CUS437,27,Male,Married,Student,Ph.D,6,Food delivery apps,Breakfast,Non Veg foods (Lunch / Dinner),4,2,191,20,3,Agree,Agree,Disagree,Disagree,Neutral,Agree,Strongly agree,30 minutes,Yes
CUS438,32,Female,Single,Student,Post Graduate,1,Food delivery apps,Dinner,Non Veg foods (Lunch / Dinner),5,4,207,32,1,Agree,Disagree,Neutral,Agree,Strongly agree,Neutral,Neutral,45 minutes,Maybe
CUS439,27,Male,Married,Student,Graduate,3,Food delivery apps,Snacks,,1,4,105,62,2,Disagree,Neutral,Agree,Neutral,Neutral,Neutral,Neutral,45 minutes,Yes
CUS440,32,Male,Single,Student,Graduate,3,Food delivery apps,Lunch,Non Veg foods (Lunch / Dinner),5,3,86,33,2,Strongly agree,Agree,Strongly disagree,Strongly agree,Agree,Disagree,Agree,30 minutes,No
CUS441,31,Female,Single,Employee,Post Graduate,4,Food delivery apps,Snacks,Non Veg foods (Lunch / Dinner),2,1,153,27,2,Agree,Agree,Agree,Neutral,Agree,Neutral,Agree,30 minutes,No
CUS442,27,Female,Prefer not to say,Employee,School,2,Food delivery apps,Lunch,Non Veg foods (Lunch / Dinner),2,1,112,62,1,Agree,Agree,Agree,Neutral,Neutral,Neutral,Agree,45 minutes,Yes
CUS443,22,Male,Single,Student,Post Graduate,4,Food delivery apps,Snacks,Non Veg foods (Lunch / Dinner),4,2,243,57,2,Agree,Disagree,Disagree,Agree,Agree,Strongly agree,Strongly agree,30 minutes,No
CUS444,35,Male,Single,Student,Post Graduate,2,Food delivery apps,Lunch,Non Veg foods (Lunch / Dinner),5,4,232,25,3,Strongly disagree,Disagree,Agree,Agree,Agree,Strongly agree,Disagree,45 minutes,Yes
CUS445,26,Female,Single,Self Employeed,Post Graduate,1,Food delivery apps,Dinner,Non Veg foods (Lunch / Dinner),3,5,136,35,1,Strongly agree,Agree,Strongly agree,Agree,Disagree,Disagree,Strongly agree,45 minutes,Yes
CUS446,27,Male,Single,Employee,Post Graduate,3,Food delivery apps,Snacks,Veg foods (Breakfast / Lunch / Dinner),1,5,150,Delivery Time,3,Agree,Agree,Agree,Neutral,Neutral,Strongly agree,Strongly agree,30 minutes,Yes
CUS447,33,Male,Single,Self Employeed,Graduate,2,Food delivery apps,Breakfast,Non Veg foods (Lunch / Dinner),5,4,189,17,1,Agree,Neutral,Agree,Agree,Disagree,Strongly agree,Agree,15 minutes,Yes
CUS448,20,Male,Married,Employee,Ph.D,5,Food delivery apps,Lunch,Non Veg foods (Lunch / Dinner),4,1,186,49,1,Agree,Agree,Disagree,Strongly disagree,Neutral,Agree,Agree,45 minutes,Yes
CUS449,22,Male,Married,Student,Graduate,5,Walk-in,Snacks,Non Veg foods (Lunch / Dinner),2,5,185,19,1,Disagree,Strongly disagree,Disagree,Strongly agree,Strongly disagree,Agree,Strongly agree,60 minutes,Yes
CUS450,35,Male,Single,Self Employeed,Graduate,3,Food delivery apps,Snacks,Non Veg foods (Lunch / Dinner),2,1,227,17,1,Strongly agree,Strongly disagree,Disagree,Agree,Neutral,Strongly agree,Agree,60 minutes,No
CUS451,29,Male,Single,Employee,School,6,Food delivery apps,Lunch,Non Veg foods (Lunch / Dinner),5,2,181,42,1,Agree,Agree,Agree,Agree,Disagree,Neutral,Neutral,45 minutes,Maybe
CUS452,30,Female,Single,Student,Graduate,4,Food delivery apps,Snacks,Veg foods (Breakfast / Lunch / Dinner),5,5,42,45,3,Agree,Disagree,Disagree,Disagree,Disagree,Disagree,Disagree,45 minutes,Yes
CUS453,22,Male,Prefer not to say,Employee,Graduate,2,Food delivery apps,Dinner,Non Veg foods (Lunch / Dinner),4,5,233,69,1,Disagree,Disagree,Disagree,Agree,Neutral,Agree,Strongly disagree,45 minutes,Yes
CUS454,25,Male,Single,Employee,Graduate,5,Food delivery apps,Breakfast,Non Veg foods (Lunch / Dinner),3,4,72,22,1,Disagree,Agree,Disagree,Agree,Strongly agree,Agree,Disagree,30 minutes,No
CUS455,23,Female,Single,Employee,Graduate,6,Food delivery apps,Snacks,Non Veg foods (Lunch / Dinner),4,4,91,19,2,Agree,Agree,Disagree,Disagree,Agree,Disagree,Strongly agree,45 minutes,Yes
CUS456,28,Male,Single,Employee,Graduate,2,Food delivery apps,Dinner,Non Veg foods (Lunch / Dinner),1,1,253,42,2,Agree,Agree,Disagree,Neutral,Disagree,Agree,Agree,60 minutes,Yes
CUS457,21,Male,Single,Employee,Post Graduate,6,Food delivery apps,Snacks,Non Veg foods (Lunch / Dinner),2,3,117,59,3,Agree,Agree,Agree,Agree,Strongly agree,Agree,Disagree,15 minutes,Yes
CUS458,29,Female,Married,Student,Graduate,3,Food delivery apps,Breakfast,Non Veg foods (Lunch / Dinner),3,3,181,39,2,Agree,Strongly agree,Disagree,Disagree,Neutral,Disagree,Agree,45 minutes,Yes
CUS459,23,Male,Single,Student,Ph.D,5,Food delivery apps,Lunch,Veg foods (Breakfast / Lunch / Dinner),4,4,121,28,1,Strongly agree,Neutral,Disagree,Agree,Neutral,Agree,Disagree,15 minutes,Yes
CUS460,23,Female,Single,Employee,Post Graduate,6,Food delivery apps,Lunch,Veg foods (Breakfast / Lunch / Dinner),2,4,148,15,3,Agree,Strongly agree,Strongly agree,Neutral,Disagree,Disagree,Strongly disagree,45 minutes,Yes
CUS461,26,Female,Single,Student,Post Graduate,1,Food delivery apps,Breakfast,Non Veg foods (Lunch / Dinner),4,5,156,31,2,Neutral,Disagree,Agree,Agree,Neutral,Neutral,Agree,45 minutes,Maybe
CUS462,23,Female,Single,Employee,Graduate,3,Food delivery apps,Lunch,Non Veg foods (Lunch / Dinner),2,5,126,21,3,Agree,Disagree,Neutral,Agree,Disagree,Disagree,Agree,30 minutes,Yes
CUS463,27,Female,Single,House wife,Post Graduate,4,Food delivery apps,Lunch,Non Veg foods (Lunch / Dinner),5,2,152,45,3,Strongly agree,Agree,Disagree,Disagree,Agree,Disagree,Disagree,30 minutes,Yes
CUS464,35,Female,Married,Student,Graduate,5,Food delivery apps,Snacks,Non Veg foods (Lunch / Dinner),4,5,65,19,3,Disagree,Disagree,Agree,Agree,Disagree,Disagree,Strongly agree,45 minutes,Yes
CUS465,28,Female,Married,Self Employeed,Graduate,2,Food delivery apps,Dinner,Non Veg foods (Lunch / Dinner),5,1,253,17,3,Agree,Strongly disagree,Agree,Strongly disagree,Strongly agree,Disagree,Strongly agree,More than 60 minutes,Yes
CUS466,29,Male,Married,Student,Graduate,3,Food delivery apps,Lunch,Non Veg foods (Lunch / Dinner),2,1,232,33,3,Agree,Strongly agree,Strongly agree,Strongly disagree,Strongly agree,Agree,Strongly agree,45 minutes,Yes
CUS467,28,Male,Single,Student,Graduate,5,Food delivery apps,Snacks,Non Veg foods (Lunch / Dinner),4,5,99,42,2,Agree,Agree,Agree,Neutral,Neutral,Disagree,Neutral,15 minutes,Yes
CUS468,30,Male,Married,Student,Graduate,4,Food delivery apps,Lunch,Non Veg foods (Lunch / Dinner),5,5,197,21,1,Neutral,Agree,Agree,Strongly agree,Neutral,Disagree,Strongly agree,45 minutes,No
CUS469,18,Male,Single,Employee,Post Graduate,6,Food delivery apps,Snacks,Non Veg foods (Lunch / Dinner),1,2,248,35,2,Disagree,Disagree,Strongly agree,Neutral,Disagree,Agree,Strongly agree,45 minutes,Yes
CUS470,23,Male,Married,Student,Post Graduate,5,Food delivery apps,Lunch,Veg foods (Breakfast / Lunch / Dinner),2,4,32,64,3,Agree,Agree,Disagree,Agree,Neutral,Disagree,Agree,45 minutes,No
CUS471,28,Female,Married,Employee,Post Graduate,1,Food delivery apps,Lunch,Non Veg foods (Lunch / Dinner),5,2,78,66,1,Agree,Strongly disagree,Agree,Agree,Disagree,Disagree,Disagree,45 minutes,No
CUS472,26,Male,Single,Student,Graduate,3,Food delivery apps,Snacks,Non Veg foods (Lunch / Dinner),2,4,189,47,1,Agree,Disagree,Neutral,Disagree,Disagree,Strongly agree,Strongly agree,30 minutes,Yes
CUS473,32,Female,Married,Student,Post Graduate,4,Food delivery apps,Lunch,Non Veg foods (Lunch / Dinner),1,1,33,47,1,Neutral,Disagree,Disagree,Neutral,Disagree,Disagree,Agree,30 minutes,Yes
CUS474,18,Female,Married,Employee,School,2,Food delivery apps,Breakfast,Non Veg foods (Lunch / Dinner),1,3,231,17,1,Strongly agree,Agree,Agree,Strongly agree,Disagree,Agree,Disagree,60 minutes,Yes
CUS475,22,Female,Single,Student,Graduate,5,Food delivery apps,Lunch,Non Veg foods (Lunch / Dinner),2,4,211,59,3,Agree,Disagree,Disagree,Neutral,Agree,Disagree,Strongly agree,30 minutes,No
CUS476,30,Female,Single,Employee,Post Graduate,3,Food delivery apps,Snacks,Veg foods (Breakfast / Lunch / Dinner),1,1,170,22,1,Strongly agree,Disagree,Disagree,Agree,Strongly agree,Agree,Strongly agree,30 minutes,Yes
CUS477,23,Male,Single,Employee,Graduate,4,Food delivery apps,Lunch,Non Veg foods (Lunch / Dinner),1,1,217,31,2,Agree,Disagree,Strongly agree,Neutral,Agree,Neutral,Agree,More than 60 minutes,Yes
CUS478,26,Male,Single,Student,Post Graduate,2,Direct call,Lunch,Non Veg foods (Lunch / Dinner),1,1,149,39,2,Agree,Disagree,Disagree,Agree,Agree,Neutral,Disagree,15 minutes,Maybe
CUS479,20,Female,Single,Self Employeed,Ph.D,6,Food delivery apps,Breakfast,Non Veg foods (Lunch / Dinner),5,1,226,59,1,Strongly agree,Neutral,Disagree,Agree,Disagree,Strongly disagree,Strongly agree,60 minutes,Yes
CUS480,21,Male,Single,Student,Graduate,5,Food delivery apps,Snacks,Non Veg foods (Lunch / Dinner),4,1,189,21,2,Strongly agree,Agree,Strongly agree,Agree,Neutral,Agree,Neutral,30 minutes,Yes
CUS481,35,Male,Single,Student,Graduate,3,Food delivery apps,Snacks,Non Veg foods (Lunch / Dinner),5,2,210,41,3,Agree,Agree,Disagree,Agree,Neutral,Disagree,Strongly agree,45 minutes,Yes
CUS482,27,Male,Single,Self Employeed,Post Graduate,4,Food delivery apps,Lunch,Non Veg foods (Lunch / Dinner),4,5,95,45,1,Neutral,Agree,Neutral,Strongly agree,Neutral,Disagree,Agree,30 minutes,No
CUS483,34,Male,Married,Self Employeed,Post Graduate,6,Food delivery apps,Snacks,Veg foods (Breakfast / Lunch / Dinner),3,4,49,55,1,Agree,Disagree,Disagree,Strongly agree,Disagree,Neutral,Strongly agree,30 minutes,Yes
CUS484,32,Male,Single,Employee,Graduate,6,Food delivery apps,Breakfast,Non Veg foods (Lunch / Dinner),5,5,111,34,1,Agree,Disagree,Agree,Disagree,Strongly disagree,Disagree,Strongly agree,30 minutes,No
CUS485,22,Female,Married,Employee,Post Graduate,2,Food delivery apps,Breakfast,Non Veg foods (Lunch / Dinner),5,3,240,42,2,Agree,Disagree,Agree,Strongly agree,Agree,Agree,Agree,30 minutes,Yes
CUS486,31,Male,Married,Employee,Graduate,3,Food delivery apps,Breakfast,Veg foods (Breakfast / Lunch / Dinner),3,2,72,20,3,Disagree,Agree,Neutral,Disagree,Disagree,Disagree,Neutral,60 minutes,Yes
CUS487,34,Male,Married,Student,Post Graduate,1,Food delivery apps,Lunch,Non Veg foods (Lunch / Dinner),4,5,196,32,2,Strongly agree,Strongly disagree,Disagree,Agree,Strongly agree,Disagree,Strongly agree,15 minutes,Yes
CUS488,29,Female,Single,Self Employeed,Post Graduate,2,Food delivery apps,Breakfast,Non Veg foods (Lunch / Dinner),5,1,164,43,3,Agree,Agree,Agree,Strongly disagree,Disagree,Strongly disagree,Neutral,30 minutes,Yes
CUS489,22,Female,Single,Student,Graduate,3,Food delivery apps,Snacks,Non Veg foods (Lunch / Dinner),2,2,87,38,1,Agree,Strongly agree,Disagree,Neutral,Disagree,Neutral,Agree,45 minutes,Yes
CUS490,35,Female,Single,Employee,Graduate,4,Food delivery apps,Lunch,Veg foods (Breakfast / Lunch / Dinner),3,4,93,40,2,Agree,Neutral,Agree,Agree,Neutral,Agree,Disagree,45 minutes,Yes
CUS491,32,Male,Single,Self Employeed,School,1,Food delivery apps,Dinner,Non Veg foods (Lunch / Dinner),1,4,249,63,3,Strongly agree,Agree,Agree,Neutral,Neutral,Disagree,Disagree,45 minutes,Yes
CUS492,35,Female,Single,Student,Post Graduate,6,Food delivery apps,Dinner,Non Veg foods (Lunch / Dinner),2,1,45,28,1,Strongly agree,Strongly agree,Neutral,Agree,Neutral,Agree,Strongly agree,30 minutes,Yes
CUS493,34,Male,Married,Employee,Graduate,5,Food delivery apps,Lunch,Non Veg foods (Lunch / Dinner),4,3,100,23,3,Strongly agree,Agree,Agree,Agree,Disagree,Strongly agree,Neutral,30 minutes,Maybe
CUS494,31,Female,Single,Student,Post Graduate,5,Food delivery apps,Lunch,Non Veg foods (Lunch / Dinner),3,1,111,17,2,Agree,Agree,Neutral,Neutral,Disagree,Strongly agree,Agree,15 minutes,Yes
CUS495,35,Male,Single,Student,Graduate,4,Food delivery apps,Dinner,Non Veg foods (Lunch / Dinner),3,4,54,27,3,Neutral,Agree,Agree,Agree,Neutral,Agree,Agree,45 minutes,Yes
CUS496,35,Female,Single,Student,Graduate,2,Food delivery apps,Lunch,Non Veg foods (Lunch / Dinner),2,2,135,21,3,Neutral,Agree,Agree,Neutral,Neutral,Agree,Disagree,15 minutes,No
CUS497,35,Male,Single,House wife,Graduate,1,Food delivery apps,Lunch,Non Veg foods (Lunch / Dinner),5,3,170,26,3,Agree,Agree,Strongly agree,Neutral,Neutral,Disagree,Agree,30 minutes,Yes
CUS498,28,Female,Married,Student,Ph.D,3,Food delivery apps,Lunch,Non Veg foods (Lunch / Dinner),4,2,126,35,3,Agree,Strongly disagree,Disagree,Agree,Disagree,Neutral,Disagree,45 minutes,Yes
CUS499,35,Female,Single,Student,Post Graduate,2,Food delivery apps,Lunch,Non Veg foods (Lunch / Dinner),3,5,97,30,1,Agree,Disagree,Disagree,Disagree,Agree,Agree,Strongly agree,45 minutes,Yes
